obs_month,neighborhood,signal_type,metric,value,is_imputed,source_id
2021-01-01,city_center,activity_proxy,paid_sessions,4620.0,false,J
2021-01-01,city_center,activity_proxy,parking_meters_reporting,307.0,false,J
2021-01-01,city_center,activity_proxy,parking_revenue_usd,5435.65,false,J
2021-01-01,columbia,activity_proxy,paid_sessions,2097.0,false,J
2021-01-01,columbia,activity_proxy,parking_meters_reporting,117.0,false,J
2021-01-01,columbia,activity_proxy,parking_revenue_usd,3062.6800000000003,false,J
2021-01-01,cortez,activity_proxy,paid_sessions,4061.0,false,J
2021-01-01,cortez,activity_proxy,parking_meters_reporting,396.0,false,J
2021-01-01,cortez,activity_proxy,parking_revenue_usd,4410.429999999999,false,J
2021-01-01,east_village,activity_proxy,paid_sessions,11467.0,false,J
2021-01-01,east_village,activity_proxy,parking_meters_reporting,775.0,false,J
2021-01-01,east_village,activity_proxy,parking_revenue_usd,16947.539999999997,false,J
2021-01-01,gaslamp,activity_proxy,paid_sessions,3869.0,false,J
2021-01-01,gaslamp,activity_proxy,parking_meters_reporting,219.0,false,J
2021-01-01,gaslamp,activity_proxy,parking_revenue_usd,4888.629999999999,false,J
2021-01-01,marina,activity_proxy,paid_sessions,5197.0,false,J
2021-01-01,marina,activity_proxy,parking_meters_reporting,201.0,false,J
2021-01-01,marina,activity_proxy,parking_revenue_usd,9754.999999999996,false,J
2021-02-01,city_center,activity_proxy,paid_sessions,30539.0,false,J
2021-02-01,city_center,activity_proxy,parking_meters_reporting,312.0,false,J
2021-02-01,city_center,activity_proxy,parking_revenue_usd,37612.53000000001,false,J
2021-02-01,columbia,activity_proxy,paid_sessions,15553.0,false,J
2021-02-01,columbia,activity_proxy,parking_meters_reporting,117.0,false,J
2021-02-01,columbia,activity_proxy,parking_revenue_usd,22562.02999999999,false,J
2021-02-01,cortez,activity_proxy,paid_sessions,24783.0,false,J
2021-02-01,cortez,activity_proxy,parking_meters_reporting,421.0,false,J
2021-02-01,cortez,activity_proxy,parking_revenue_usd,27912.220000000038,false,J
2021-02-01,east_village,activity_proxy,paid_sessions,63039.0,false,J
2021-02-01,east_village,activity_proxy,parking_meters_reporting,793.0,false,J
2021-02-01,east_village,activity_proxy,parking_revenue_usd,97857.93999999986,false,J
2021-02-01,gaslamp,activity_proxy,paid_sessions,22353.0,false,J
2021-02-01,gaslamp,activity_proxy,parking_meters_reporting,222.0,false,J
2021-02-01,gaslamp,activity_proxy,parking_revenue_usd,30671.470000000023,false,J
2021-02-01,marina,activity_proxy,paid_sessions,31021.0,false,J
2021-02-01,marina,activity_proxy,parking_meters_reporting,200.0,false,J
2021-02-01,marina,activity_proxy,parking_revenue_usd,61632.490000000005,false,J
2021-03-01,city_center,activity_proxy,paid_sessions,42897.0,false,J
2021-03-01,city_center,activity_proxy,parking_meters_reporting,312.0,false,J
2021-03-01,city_center,activity_proxy,parking_revenue_usd,55576.370000000046,false,J
2021-03-01,columbia,activity_proxy,paid_sessions,20960.0,false,J
2021-03-01,columbia,activity_proxy,parking_meters_reporting,118.0,false,J
2021-03-01,columbia,activity_proxy,parking_revenue_usd,31467.370000000006,false,J
2021-03-01,cortez,activity_proxy,paid_sessions,33827.0,false,J
2021-03-01,cortez,activity_proxy,parking_meters_reporting,421.0,false,J
2021-03-01,cortez,activity_proxy,parking_revenue_usd,38958.55000000004,false,J
2021-03-01,east_village,activity_proxy,paid_sessions,86436.0,false,J
2021-03-01,east_village,activity_proxy,parking_meters_reporting,801.0,false,J
2021-03-01,east_village,activity_proxy,parking_revenue_usd,137970.5699999995,false,J
2021-03-01,gaslamp,activity_proxy,paid_sessions,32033.0,false,J
2021-03-01,gaslamp,activity_proxy,parking_meters_reporting,224.0,false,J
2021-03-01,gaslamp,activity_proxy,parking_revenue_usd,45100.27999999997,false,J
2021-03-01,marina,activity_proxy,paid_sessions,42510.0,false,J
2021-03-01,marina,activity_proxy,parking_meters_reporting,203.0,false,J
2021-03-01,marina,activity_proxy,parking_revenue_usd,86798.88999999994,false,J
2021-04-01,city_center,activity_proxy,paid_sessions,46923.0,false,J
2021-04-01,city_center,activity_proxy,parking_meters_reporting,317.0,false,J
2021-04-01,city_center,activity_proxy,parking_revenue_usd,59765.430000000044,false,J
2021-04-01,columbia,activity_proxy,paid_sessions,22517.0,false,J
2021-04-01,columbia,activity_proxy,parking_meters_reporting,116.0,false,J
2021-04-01,columbia,activity_proxy,parking_revenue_usd,33840.98,false,J
2021-04-01,cortez,activity_proxy,paid_sessions,34678.0,false,J
2021-04-01,cortez,activity_proxy,parking_meters_reporting,415.0,false,J
2021-04-01,cortez,activity_proxy,parking_revenue_usd,41303.44000000002,false,J
2021-04-01,east_village,activity_proxy,paid_sessions,87703.0,false,J
2021-04-01,east_village,activity_proxy,parking_meters_reporting,802.0,false,J
2021-04-01,east_village,activity_proxy,parking_revenue_usd,143564.8799999997,false,J
2021-04-01,gaslamp,activity_proxy,paid_sessions,31292.0,false,J
2021-04-01,gaslamp,activity_proxy,parking_meters_reporting,218.0,false,J
2021-04-01,gaslamp,activity_proxy,parking_revenue_usd,44182.310000000005,false,J
2021-04-01,marina,activity_proxy,paid_sessions,46524.0,false,J
2021-04-01,marina,activity_proxy,parking_meters_reporting,201.0,false,J
2021-04-01,marina,activity_proxy,parking_revenue_usd,94774.53999999998,false,J
2021-05-01,city_center,activity_proxy,paid_sessions,45611.0,false,J
2021-05-01,city_center,activity_proxy,parking_meters_reporting,320.0,false,J
2021-05-01,city_center,activity_proxy,parking_revenue_usd,56262.59000000002,false,J
2021-05-01,columbia,activity_proxy,paid_sessions,23048.0,false,J
2021-05-01,columbia,activity_proxy,parking_meters_reporting,117.0,false,J
2021-05-01,columbia,activity_proxy,parking_revenue_usd,33388.37000000001,false,J
2021-05-01,cortez,activity_proxy,paid_sessions,34708.0,false,J
2021-05-01,cortez,activity_proxy,parking_meters_reporting,423.0,false,J
2021-05-01,cortez,activity_proxy,parking_revenue_usd,40460.50000000006,false,J
2021-05-01,east_village,activity_proxy,paid_sessions,85664.0,false,J
2021-05-01,east_village,activity_proxy,parking_meters_reporting,808.0,false,J
2021-05-01,east_village,activity_proxy,parking_revenue_usd,138581.67999999976,false,J
2021-05-01,gaslamp,activity_proxy,paid_sessions,30225.0,false,J
2021-05-01,gaslamp,activity_proxy,parking_meters_reporting,202.0,false,J
2021-05-01,gaslamp,activity_proxy,parking_revenue_usd,42958.37999999997,false,J
2021-05-01,marina,activity_proxy,paid_sessions,46532.0,false,J
2021-05-01,marina,activity_proxy,parking_meters_reporting,203.0,false,J
2021-05-01,marina,activity_proxy,parking_revenue_usd,93527.42999999993,false,J
2021-06-01,city_center,activity_proxy,paid_sessions,48910.0,false,J
2021-06-01,city_center,activity_proxy,parking_meters_reporting,314.0,false,J
2021-06-01,city_center,activity_proxy,parking_revenue_usd,60924.57999999994,false,J
2021-06-01,columbia,activity_proxy,paid_sessions,24464.0,false,J
2021-06-01,columbia,activity_proxy,parking_meters_reporting,117.0,false,J
2021-06-01,columbia,activity_proxy,parking_revenue_usd,35734.52999999999,false,J
2021-06-01,cortez,activity_proxy,paid_sessions,37413.0,false,J
2021-06-01,cortez,activity_proxy,parking_meters_reporting,423.0,false,J
2021-06-01,cortez,activity_proxy,parking_revenue_usd,44145.62999999999,false,J
2021-06-01,east_village,activity_proxy,paid_sessions,91842.0,false,J
2021-06-01,east_village,activity_proxy,parking_meters_reporting,799.0,false,J
2021-06-01,east_village,activity_proxy,parking_revenue_usd,146768.30999999968,false,J
2021-06-01,gaslamp,activity_proxy,paid_sessions,32396.0,false,J
2021-06-01,gaslamp,activity_proxy,parking_meters_reporting,199.0,false,J
2021-06-01,gaslamp,activity_proxy,parking_revenue_usd,45787.00000000002,false,J
2021-06-01,marina,activity_proxy,paid_sessions,50842.0,false,J
2021-06-01,marina,activity_proxy,parking_meters_reporting,201.0,false,J
2021-06-01,marina,activity_proxy,parking_revenue_usd,104170.43999999992,false,J
2021-07-01,city_center,activity_proxy,paid_sessions,51168.0,false,J
2021-07-01,city_center,activity_proxy,parking_meters_reporting,316.0,false,J
2021-07-01,city_center,activity_proxy,parking_revenue_usd,64406.199999999924,false,J
2021-07-01,columbia,activity_proxy,paid_sessions,26495.0,false,J
2021-07-01,columbia,activity_proxy,parking_meters_reporting,117.0,false,J
2021-07-01,columbia,activity_proxy,parking_revenue_usd,39046.14,false,J
2021-07-01,cortez,activity_proxy,paid_sessions,38048.0,false,J
2021-07-01,cortez,activity_proxy,parking_meters_reporting,426.0,false,J
2021-07-01,cortez,activity_proxy,parking_revenue_usd,44735.67000000006,false,J
2021-07-01,east_village,activity_proxy,paid_sessions,92413.0,false,J
2021-07-01,east_village,activity_proxy,parking_meters_reporting,797.0,false,J
2021-07-01,east_village,activity_proxy,parking_revenue_usd,149660.85999999964,false,J
2021-07-01,gaslamp,activity_proxy,paid_sessions,30468.0,false,J
2021-07-01,gaslamp,activity_proxy,parking_meters_reporting,195.0,false,J
2021-07-01,gaslamp,activity_proxy,parking_revenue_usd,43024.34,false,J
2021-07-01,marina,activity_proxy,paid_sessions,53564.0,false,J
2021-07-01,marina,activity_proxy,parking_meters_reporting,202.0,false,J
2021-07-01,marina,activity_proxy,parking_revenue_usd,109687.07999999999,false,J
2021-08-01,city_center,activity_proxy,paid_sessions,48684.0,false,J
2021-08-01,city_center,activity_proxy,parking_meters_reporting,314.0,false,J
2021-08-01,city_center,activity_proxy,parking_revenue_usd,62588.64999999995,false,J
2021-08-01,columbia,activity_proxy,paid_sessions,24791.0,false,J
2021-08-01,columbia,activity_proxy,parking_meters_reporting,117.0,false,J
2021-08-01,columbia,activity_proxy,parking_revenue_usd,35853.48999999998,false,J
2021-08-01,cortez,activity_proxy,paid_sessions,37202.0,false,J
2021-08-01,cortez,activity_proxy,parking_meters_reporting,422.0,false,J
2021-08-01,cortez,activity_proxy,parking_revenue_usd,44723.310000000005,false,J
2021-08-01,east_village,activity_proxy,paid_sessions,85385.0,false,J
2021-08-01,east_village,activity_proxy,parking_meters_reporting,786.0,false,J
2021-08-01,east_village,activity_proxy,parking_revenue_usd,138331.7399999994,false,J
2021-08-01,gaslamp,activity_proxy,paid_sessions,28662.0,false,J
2021-08-01,gaslamp,activity_proxy,parking_meters_reporting,192.0,false,J
2021-08-01,gaslamp,activity_proxy,parking_revenue_usd,40608.73000000002,false,J
2021-08-01,marina,activity_proxy,paid_sessions,51587.0,false,J
2021-08-01,marina,activity_proxy,parking_meters_reporting,202.0,false,J
2021-08-01,marina,activity_proxy,parking_revenue_usd,106383.81000000001,false,J
2021-09-01,city_center,activity_proxy,paid_sessions,46564.0,false,J
2021-09-01,city_center,activity_proxy,parking_meters_reporting,313.0,false,J
2021-09-01,city_center,activity_proxy,parking_revenue_usd,59718.83999999992,false,J
2021-09-01,columbia,activity_proxy,paid_sessions,23120.0,false,J
2021-09-01,columbia,activity_proxy,parking_meters_reporting,118.0,false,J
2021-09-01,columbia,activity_proxy,parking_revenue_usd,33706.32000000001,false,J
2021-09-01,cortez,activity_proxy,paid_sessions,37859.0,false,J
2021-09-01,cortez,activity_proxy,parking_meters_reporting,408.0,false,J
2021-09-01,cortez,activity_proxy,parking_revenue_usd,47890.339999999975,false,J
2021-09-01,east_village,activity_proxy,paid_sessions,79477.0,false,J
2021-09-01,east_village,activity_proxy,parking_meters_reporting,754.0,false,J
2021-09-01,east_village,activity_proxy,parking_revenue_usd,130358.34999999912,false,J
2021-09-01,gaslamp,activity_proxy,paid_sessions,28533.0,false,J
2021-09-01,gaslamp,activity_proxy,parking_meters_reporting,190.0,false,J
2021-09-01,gaslamp,activity_proxy,parking_revenue_usd,40246.51000000002,false,J
2021-09-01,marina,activity_proxy,paid_sessions,47159.0,false,J
2021-09-01,marina,activity_proxy,parking_meters_reporting,202.0,false,J
2021-09-01,marina,activity_proxy,parking_revenue_usd,98397.07999999997,false,J
2021-10-01,city_center,activity_proxy,paid_sessions,46289.0,false,J
2021-10-01,city_center,activity_proxy,parking_meters_reporting,300.0,false,J
2021-10-01,city_center,activity_proxy,parking_revenue_usd,59382.71999999991,false,J
2021-10-01,columbia,activity_proxy,paid_sessions,22647.0,false,J
2021-10-01,columbia,activity_proxy,parking_meters_reporting,117.0,false,J
2021-10-01,columbia,activity_proxy,parking_revenue_usd,34238.11999999998,false,J
2021-10-01,cortez,activity_proxy,paid_sessions,39032.0,false,J
2021-10-01,cortez,activity_proxy,parking_meters_reporting,407.0,false,J
2021-10-01,cortez,activity_proxy,parking_revenue_usd,51622.71999999996,false,J
2021-10-01,east_village,activity_proxy,paid_sessions,80824.0,false,J
2021-10-01,east_village,activity_proxy,parking_meters_reporting,728.0,false,J
2021-10-01,east_village,activity_proxy,parking_revenue_usd,135707.65999999913,false,J
2021-10-01,gaslamp,activity_proxy,paid_sessions,28868.0,false,J
2021-10-01,gaslamp,activity_proxy,parking_meters_reporting,191.0,false,J
2021-10-01,gaslamp,activity_proxy,parking_revenue_usd,41447.549999999996,false,J
2021-10-01,marina,activity_proxy,paid_sessions,48462.0,false,J
2021-10-01,marina,activity_proxy,parking_meters_reporting,201.0,false,J
2021-10-01,marina,activity_proxy,parking_revenue_usd,101328.70999999993,false,J
2021-11-01,city_center,activity_proxy,paid_sessions,40787.0,false,J
2021-11-01,city_center,activity_proxy,parking_meters_reporting,302.0,false,J
2021-11-01,city_center,activity_proxy,parking_revenue_usd,52837.74999999994,false,J
2021-11-01,columbia,activity_proxy,paid_sessions,20946.0,false,J
2021-11-01,columbia,activity_proxy,parking_meters_reporting,116.0,false,J
2021-11-01,columbia,activity_proxy,parking_revenue_usd,31274.279999999988,false,J
2021-11-01,cortez,activity_proxy,paid_sessions,34005.0,false,J
2021-11-01,cortez,activity_proxy,parking_meters_reporting,407.0,false,J
2021-11-01,cortez,activity_proxy,parking_revenue_usd,45006.640000000014,false,J
2021-11-01,east_village,activity_proxy,paid_sessions,72227.0,false,J
2021-11-01,east_village,activity_proxy,parking_meters_reporting,753.0,false,J
2021-11-01,east_village,activity_proxy,parking_revenue_usd,121433.63999999964,false,J
2021-11-01,gaslamp,activity_proxy,paid_sessions,26617.0,false,J
2021-11-01,gaslamp,activity_proxy,parking_meters_reporting,189.0,false,J
2021-11-01,gaslamp,activity_proxy,parking_revenue_usd,38163.68000000003,false,J
2021-11-01,marina,activity_proxy,paid_sessions,42964.0,false,J
2021-11-01,marina,activity_proxy,parking_meters_reporting,201.0,false,J
2021-11-01,marina,activity_proxy,parking_revenue_usd,91330.55999999998,false,J
2021-12-01,city_center,activity_proxy,paid_sessions,37912.0,false,J
2021-12-01,city_center,activity_proxy,parking_meters_reporting,291.0,false,J
2021-12-01,city_center,activity_proxy,parking_revenue_usd,49893.48999999998,false,J
2021-12-01,columbia,activity_proxy,paid_sessions,19350.0,false,J
2021-12-01,columbia,activity_proxy,parking_meters_reporting,117.0,false,J
2021-12-01,columbia,activity_proxy,parking_revenue_usd,29209.649999999994,false,J
2021-12-01,cortez,activity_proxy,paid_sessions,29969.0,false,J
2021-12-01,cortez,activity_proxy,parking_meters_reporting,408.0,false,J
2021-12-01,cortez,activity_proxy,parking_revenue_usd,39005.53000000002,false,J
2021-12-01,east_village,activity_proxy,paid_sessions,65784.0,false,J
2021-12-01,east_village,activity_proxy,parking_meters_reporting,721.0,false,J
2021-12-01,east_village,activity_proxy,parking_revenue_usd,108782.21999999983,false,J
2021-12-01,gaslamp,activity_proxy,paid_sessions,25850.0,false,J
2021-12-01,gaslamp,activity_proxy,parking_meters_reporting,191.0,false,J
2021-12-01,gaslamp,activity_proxy,parking_revenue_usd,36913.99000000002,false,J
2021-12-01,marina,activity_proxy,paid_sessions,40761.0,false,J
2021-12-01,marina,activity_proxy,parking_meters_reporting,201.0,false,J
2021-12-01,marina,activity_proxy,parking_revenue_usd,86561.30999999992,false,J
2022-01-01,city_center,activity_proxy,paid_sessions,36541.0,false,J
2022-01-01,city_center,activity_proxy,parking_meters_reporting,304.0,false,J
2022-01-01,city_center,activity_proxy,parking_revenue_usd,47506.25,false,J
2022-01-01,columbia,activity_proxy,paid_sessions,19607.0,false,J
2022-01-01,columbia,activity_proxy,parking_meters_reporting,119.0,false,J
2022-01-01,columbia,activity_proxy,parking_revenue_usd,29069.17000000001,false,J
2022-01-01,cortez,activity_proxy,paid_sessions,28213.0,false,J
2022-01-01,cortez,activity_proxy,parking_meters_reporting,406.0,false,J
2022-01-01,cortez,activity_proxy,parking_revenue_usd,34764.72000000004,false,J
2022-01-01,east_village,activity_proxy,paid_sessions,67600.0,false,J
2022-01-01,east_village,activity_proxy,parking_meters_reporting,760.0,false,J
2022-01-01,east_village,activity_proxy,parking_revenue_usd,112938.66999999991,false,J
2022-01-01,gaslamp,activity_proxy,paid_sessions,26759.0,false,J
2022-01-01,gaslamp,activity_proxy,parking_meters_reporting,198.0,false,J
2022-01-01,gaslamp,activity_proxy,parking_revenue_usd,37565.27000000003,false,J
2022-01-01,marina,activity_proxy,paid_sessions,39401.0,false,J
2022-01-01,marina,activity_proxy,parking_meters_reporting,203.0,false,J
2022-01-01,marina,activity_proxy,parking_revenue_usd,83308.64999999998,false,J
2022-02-01,city_center,activity_proxy,paid_sessions,38764.0,false,J
2022-02-01,city_center,activity_proxy,parking_meters_reporting,287.0,false,J
2022-02-01,city_center,activity_proxy,parking_revenue_usd,51209.81999999999,false,J
2022-02-01,columbia,activity_proxy,paid_sessions,20154.0,false,J
2022-02-01,columbia,activity_proxy,parking_meters_reporting,113.0,false,J
2022-02-01,columbia,activity_proxy,parking_revenue_usd,30453.68000000001,false,J
2022-02-01,cortez,activity_proxy,paid_sessions,33072.0,false,J
2022-02-01,cortez,activity_proxy,parking_meters_reporting,419.0,false,J
2022-02-01,cortez,activity_proxy,parking_revenue_usd,43528.65000000003,false,J
2022-02-01,east_village,activity_proxy,paid_sessions,75509.0,false,J
2022-02-01,east_village,activity_proxy,parking_meters_reporting,725.0,false,J
2022-02-01,east_village,activity_proxy,parking_revenue_usd,126946.30999999984,false,J
2022-02-01,gaslamp,activity_proxy,paid_sessions,27534.0,false,J
2022-02-01,gaslamp,activity_proxy,parking_meters_reporting,200.0,false,J
2022-02-01,gaslamp,activity_proxy,parking_revenue_usd,39821.869999999995,false,J
2022-02-01,marina,activity_proxy,paid_sessions,42824.0,false,J
2022-02-01,marina,activity_proxy,parking_meters_reporting,204.0,false,J
2022-02-01,marina,activity_proxy,parking_revenue_usd,90247.20000000001,false,J
2022-03-01,city_center,activity_proxy,paid_sessions,43782.0,false,J
2022-03-01,city_center,activity_proxy,parking_meters_reporting,289.0,false,J
2022-03-01,city_center,activity_proxy,parking_revenue_usd,58201.83999999998,false,J
2022-03-01,columbia,activity_proxy,paid_sessions,23935.0,false,J
2022-03-01,columbia,activity_proxy,parking_meters_reporting,113.0,false,J
2022-03-01,columbia,activity_proxy,parking_revenue_usd,36156.310000000005,false,J
2022-03-01,cortez,activity_proxy,paid_sessions,41292.0,false,J
2022-03-01,cortez,activity_proxy,parking_meters_reporting,410.0,false,J
2022-03-01,cortez,activity_proxy,parking_revenue_usd,57699.44000000004,false,J
2022-03-01,east_village,activity_proxy,paid_sessions,86635.0,false,J
2022-03-01,east_village,activity_proxy,parking_meters_reporting,743.0,false,J
2022-03-01,east_village,activity_proxy,parking_revenue_usd,148390.6999999998,false,J
2022-03-01,gaslamp,activity_proxy,paid_sessions,30606.0,false,J
2022-03-01,gaslamp,activity_proxy,parking_meters_reporting,200.0,false,J
2022-03-01,gaslamp,activity_proxy,parking_revenue_usd,45197.02,false,J
2022-03-01,marina,activity_proxy,paid_sessions,49725.0,false,J
2022-03-01,marina,activity_proxy,parking_meters_reporting,199.0,false,J
2022-03-01,marina,activity_proxy,parking_revenue_usd,103596.70999999996,false,J
2022-04-01,city_center,activity_proxy,paid_sessions,43200.0,false,J
2022-04-01,city_center,activity_proxy,parking_meters_reporting,278.0,false,J
2022-04-01,city_center,activity_proxy,parking_revenue_usd,57927.14,false,J
2022-04-01,columbia,activity_proxy,paid_sessions,23749.0,false,J
2022-04-01,columbia,activity_proxy,parking_meters_reporting,113.0,false,J
2022-04-01,columbia,activity_proxy,parking_revenue_usd,35852.909999999996,false,J
2022-04-01,cortez,activity_proxy,paid_sessions,41445.0,false,J
2022-04-01,cortez,activity_proxy,parking_meters_reporting,412.0,false,J
2022-04-01,cortez,activity_proxy,parking_revenue_usd,57739.46000000003,false,J
2022-04-01,east_village,activity_proxy,paid_sessions,90283.0,false,J
2022-04-01,east_village,activity_proxy,parking_meters_reporting,748.0,false,J
2022-04-01,east_village,activity_proxy,parking_revenue_usd,156024.2499999999,false,J
2022-04-01,gaslamp,activity_proxy,paid_sessions,30863.0,false,J
2022-04-01,gaslamp,activity_proxy,parking_meters_reporting,210.0,false,J
2022-04-01,gaslamp,activity_proxy,parking_revenue_usd,46281.359999999986,false,J
2022-04-01,marina,activity_proxy,paid_sessions,48422.0,false,J
2022-04-01,marina,activity_proxy,parking_meters_reporting,202.0,false,J
2022-04-01,marina,activity_proxy,parking_revenue_usd,105538.62999999998,false,J
2022-05-01,city_center,activity_proxy,paid_sessions,42544.0,false,J
2022-05-01,city_center,activity_proxy,parking_meters_reporting,287.0,false,J
2022-05-01,city_center,activity_proxy,parking_revenue_usd,56887.69,false,J
2022-05-01,columbia,activity_proxy,paid_sessions,23003.0,false,J
2022-05-01,columbia,activity_proxy,parking_meters_reporting,115.0,false,J
2022-05-01,columbia,activity_proxy,parking_revenue_usd,34566.56,false,J
2022-05-01,cortez,activity_proxy,paid_sessions,40462.0,false,J
2022-05-01,cortez,activity_proxy,parking_meters_reporting,414.0,false,J
2022-05-01,cortez,activity_proxy,parking_revenue_usd,57468.17000000001,false,J
2022-05-01,east_village,activity_proxy,paid_sessions,87263.0,false,J
2022-05-01,east_village,activity_proxy,parking_meters_reporting,748.0,false,J
2022-05-01,east_village,activity_proxy,parking_revenue_usd,149866.0999999997,false,J
2022-05-01,gaslamp,activity_proxy,paid_sessions,29005.0,false,J
2022-05-01,gaslamp,activity_proxy,parking_meters_reporting,210.0,false,J
2022-05-01,gaslamp,activity_proxy,parking_revenue_usd,44429.340000000026,false,J
2022-05-01,marina,activity_proxy,paid_sessions,42681.0,false,J
2022-05-01,marina,activity_proxy,parking_meters_reporting,202.0,false,J
2022-05-01,marina,activity_proxy,parking_revenue_usd,100830.88999999996,false,J
2022-06-01,city_center,activity_proxy,paid_sessions,44865.0,false,J
2022-06-01,city_center,activity_proxy,parking_meters_reporting,289.0,false,J
2022-06-01,city_center,activity_proxy,parking_revenue_usd,60138.42999999998,false,J
2022-06-01,columbia,activity_proxy,paid_sessions,23886.0,false,J
2022-06-01,columbia,activity_proxy,parking_meters_reporting,115.0,false,J
2022-06-01,columbia,activity_proxy,parking_revenue_usd,36292.82000000001,false,J
2022-06-01,cortez,activity_proxy,paid_sessions,41135.0,false,J
2022-06-01,cortez,activity_proxy,parking_meters_reporting,414.0,false,J
2022-06-01,cortez,activity_proxy,parking_revenue_usd,58709.10000000003,false,J
2022-06-01,east_village,activity_proxy,paid_sessions,88357.0,false,J
2022-06-01,east_village,activity_proxy,parking_meters_reporting,740.0,false,J
2022-06-01,east_village,activity_proxy,parking_revenue_usd,152844.15999999974,false,J
2022-06-01,gaslamp,activity_proxy,paid_sessions,29694.0,false,J
2022-06-01,gaslamp,activity_proxy,parking_meters_reporting,205.0,false,J
2022-06-01,gaslamp,activity_proxy,parking_revenue_usd,45165.59000000002,false,J
2022-06-01,marina,activity_proxy,paid_sessions,45921.0,false,J
2022-06-01,marina,activity_proxy,parking_meters_reporting,202.0,false,J
2022-06-01,marina,activity_proxy,parking_revenue_usd,108087.46999999997,false,J
2022-07-01,city_center,activity_proxy,paid_sessions,43720.0,false,J
2022-07-01,city_center,activity_proxy,parking_meters_reporting,291.0,false,J
2022-07-01,city_center,activity_proxy,parking_revenue_usd,59557.929999999986,false,J
2022-07-01,columbia,activity_proxy,paid_sessions,23265.0,false,J
2022-07-01,columbia,activity_proxy,parking_meters_reporting,113.0,false,J
2022-07-01,columbia,activity_proxy,parking_revenue_usd,35713.79,false,J
2022-07-01,cortez,activity_proxy,paid_sessions,38271.0,false,J
2022-07-01,cortez,activity_proxy,parking_meters_reporting,413.0,false,J
2022-07-01,cortez,activity_proxy,parking_revenue_usd,53917.720000000016,false,J
2022-07-01,east_village,activity_proxy,paid_sessions,85372.0,false,J
2022-07-01,east_village,activity_proxy,parking_meters_reporting,747.0,false,J
2022-07-01,east_village,activity_proxy,parking_revenue_usd,150516.3099999998,false,J
2022-07-01,gaslamp,activity_proxy,paid_sessions,28201.0,false,J
2022-07-01,gaslamp,activity_proxy,parking_meters_reporting,206.0,false,J
2022-07-01,gaslamp,activity_proxy,parking_revenue_usd,42592.899999999994,false,J
2022-07-01,marina,activity_proxy,paid_sessions,44994.0,false,J
2022-07-01,marina,activity_proxy,parking_meters_reporting,205.0,false,J
2022-07-01,marina,activity_proxy,parking_revenue_usd,107521.59999999998,false,J
2022-08-01,city_center,activity_proxy,paid_sessions,46302.0,false,J
2022-08-01,city_center,activity_proxy,parking_meters_reporting,291.0,false,J
2022-08-01,city_center,activity_proxy,parking_revenue_usd,63490.59,false,J
2022-08-01,columbia,activity_proxy,paid_sessions,24307.0,false,J
2022-08-01,columbia,activity_proxy,parking_meters_reporting,114.0,false,J
2022-08-01,columbia,activity_proxy,parking_revenue_usd,36721.79000000001,false,J
2022-08-01,cortez,activity_proxy,paid_sessions,42549.0,false,J
2022-08-01,cortez,activity_proxy,parking_meters_reporting,413.0,false,J
2022-08-01,cortez,activity_proxy,parking_revenue_usd,59580.349999999984,false,J
2022-08-01,east_village,activity_proxy,paid_sessions,91769.0,false,J
2022-08-01,east_village,activity_proxy,parking_meters_reporting,754.0,false,J
2022-08-01,east_village,activity_proxy,parking_revenue_usd,159150.9899999998,false,J
2022-08-01,gaslamp,activity_proxy,paid_sessions,30839.0,false,J
2022-08-01,gaslamp,activity_proxy,parking_meters_reporting,204.0,false,J
2022-08-01,gaslamp,activity_proxy,parking_revenue_usd,46422.520000000004,false,J
2022-08-01,marina,activity_proxy,paid_sessions,49018.0,false,J
2022-08-01,marina,activity_proxy,parking_meters_reporting,206.0,false,J
2022-08-01,marina,activity_proxy,parking_revenue_usd,116570.07999999991,false,J
2022-09-01,city_center,activity_proxy,paid_sessions,42060.0,false,J
2022-09-01,city_center,activity_proxy,parking_meters_reporting,295.0,false,J
2022-09-01,city_center,activity_proxy,parking_revenue_usd,57976.999999999985,false,J
2022-09-01,columbia,activity_proxy,paid_sessions,20947.0,false,J
2022-09-01,columbia,activity_proxy,parking_meters_reporting,109.0,false,J
2022-09-01,columbia,activity_proxy,parking_revenue_usd,31421.25,false,J
2022-09-01,cortez,activity_proxy,paid_sessions,41643.0,false,J
2022-09-01,cortez,activity_proxy,parking_meters_reporting,421.0,false,J
2022-09-01,cortez,activity_proxy,parking_revenue_usd,60624.39999999998,false,J
2022-09-01,east_village,activity_proxy,paid_sessions,83667.0,false,J
2022-09-01,east_village,activity_proxy,parking_meters_reporting,715.0,false,J
2022-09-01,east_village,activity_proxy,parking_revenue_usd,145016.04999999993,false,J
2022-09-01,gaslamp,activity_proxy,paid_sessions,27585.0,false,J
2022-09-01,gaslamp,activity_proxy,parking_meters_reporting,215.0,false,J
2022-09-01,gaslamp,activity_proxy,parking_revenue_usd,42596.189999999995,false,J
2022-09-01,marina,activity_proxy,paid_sessions,43027.0,false,J
2022-09-01,marina,activity_proxy,parking_meters_reporting,204.0,false,J
2022-09-01,marina,activity_proxy,parking_revenue_usd,103228.88999999996,false,J
2022-10-01,city_center,activity_proxy,paid_sessions,40911.0,false,J
2022-10-01,city_center,activity_proxy,parking_meters_reporting,288.0,false,J
2022-10-01,city_center,activity_proxy,parking_revenue_usd,57424.58999999997,false,J
2022-10-01,columbia,activity_proxy,paid_sessions,21401.0,false,J
2022-10-01,columbia,activity_proxy,parking_meters_reporting,107.0,false,J
2022-10-01,columbia,activity_proxy,parking_revenue_usd,32752.899999999983,false,J
2022-10-01,cortez,activity_proxy,paid_sessions,42539.0,false,J
2022-10-01,cortez,activity_proxy,parking_meters_reporting,422.0,false,J
2022-10-01,cortez,activity_proxy,parking_revenue_usd,62497.19999999996,false,J
2022-10-01,east_village,activity_proxy,paid_sessions,84835.0,false,J
2022-10-01,east_village,activity_proxy,parking_meters_reporting,720.0,false,J
2022-10-01,east_village,activity_proxy,parking_revenue_usd,150807.97999999978,false,J
2022-10-01,gaslamp,activity_proxy,paid_sessions,28096.0,false,J
2022-10-01,gaslamp,activity_proxy,parking_meters_reporting,212.0,false,J
2022-10-01,gaslamp,activity_proxy,parking_revenue_usd,43548.060000000005,false,J
2022-10-01,marina,activity_proxy,paid_sessions,44056.0,false,J
2022-10-01,marina,activity_proxy,parking_meters_reporting,204.0,false,J
2022-10-01,marina,activity_proxy,parking_revenue_usd,106456.09999999998,false,J
2022-11-01,city_center,activity_proxy,paid_sessions,37662.0,false,J
2022-11-01,city_center,activity_proxy,parking_meters_reporting,297.0,false,J
2022-11-01,city_center,activity_proxy,parking_revenue_usd,52009.290000000015,false,J
2022-11-01,columbia,activity_proxy,paid_sessions,18723.0,false,J
2022-11-01,columbia,activity_proxy,parking_meters_reporting,113.0,false,J
2022-11-01,columbia,activity_proxy,parking_revenue_usd,28892.21,false,J
2022-11-01,cortez,activity_proxy,paid_sessions,39087.0,false,J
2022-11-01,cortez,activity_proxy,parking_meters_reporting,421.0,false,J
2022-11-01,cortez,activity_proxy,parking_revenue_usd,56406.87999999999,false,J
2022-11-01,east_village,activity_proxy,paid_sessions,74777.0,false,J
2022-11-01,east_village,activity_proxy,parking_meters_reporting,713.0,false,J
2022-11-01,east_village,activity_proxy,parking_revenue_usd,133095.95999999996,false,J
2022-11-01,gaslamp,activity_proxy,paid_sessions,26693.0,false,J
2022-11-01,gaslamp,activity_proxy,parking_meters_reporting,211.0,false,J
2022-11-01,gaslamp,activity_proxy,parking_revenue_usd,40958.830000000016,false,J
2022-11-01,marina,activity_proxy,paid_sessions,39529.0,false,J
2022-11-01,marina,activity_proxy,parking_meters_reporting,203.0,false,J
2022-11-01,marina,activity_proxy,parking_revenue_usd,95629.41,false,J
2022-12-01,city_center,activity_proxy,paid_sessions,40016.0,false,J
2022-12-01,city_center,activity_proxy,parking_meters_reporting,290.0,false,J
2022-12-01,city_center,activity_proxy,parking_revenue_usd,54964.27000000003,false,J
2022-12-01,columbia,activity_proxy,paid_sessions,20161.0,false,J
2022-12-01,columbia,activity_proxy,parking_meters_reporting,109.0,false,J
2022-12-01,columbia,activity_proxy,parking_revenue_usd,31236.670000000013,false,J
2022-12-01,cortez,activity_proxy,paid_sessions,38855.0,false,J
2022-12-01,cortez,activity_proxy,parking_meters_reporting,418.0,false,J
2022-12-01,cortez,activity_proxy,parking_revenue_usd,55163.29999999999,false,J
2022-12-01,east_village,activity_proxy,paid_sessions,82108.0,false,J
2022-12-01,east_village,activity_proxy,parking_meters_reporting,716.0,false,J
2022-12-01,east_village,activity_proxy,parking_revenue_usd,143005.59999999974,false,J
2022-12-01,gaslamp,activity_proxy,paid_sessions,29607.0,false,J
2022-12-01,gaslamp,activity_proxy,parking_meters_reporting,215.0,false,J
2022-12-01,gaslamp,activity_proxy,parking_revenue_usd,44648.229999999996,false,J
2022-12-01,marina,activity_proxy,paid_sessions,41523.0,false,J
2022-12-01,marina,activity_proxy,parking_meters_reporting,203.0,false,J
2022-12-01,marina,activity_proxy,parking_revenue_usd,99913.66999999997,false,J
2023-01-01,city_center,activity_proxy,paid_sessions,37979.0,false,J
2023-01-01,city_center,activity_proxy,parking_meters_reporting,298.0,false,J
2023-01-01,city_center,activity_proxy,parking_revenue_usd,53950.95999999995,false,J
2023-01-01,columbia,activity_proxy,paid_sessions,19251.0,false,J
2023-01-01,columbia,activity_proxy,parking_meters_reporting,105.0,false,J
2023-01-01,columbia,activity_proxy,parking_revenue_usd,29808.98,false,J
2023-01-01,cortez,activity_proxy,paid_sessions,39556.0,false,J
2023-01-01,cortez,activity_proxy,parking_meters_reporting,424.0,false,J
2023-01-01,cortez,activity_proxy,parking_revenue_usd,58394.419999999984,false,J
2023-01-01,east_village,activity_proxy,paid_sessions,79585.0,false,J
2023-01-01,east_village,activity_proxy,parking_meters_reporting,711.0,false,J
2023-01-01,east_village,activity_proxy,parking_revenue_usd,140244.8699999997,false,J
2023-01-01,gaslamp,activity_proxy,paid_sessions,28692.0,false,J
2023-01-01,gaslamp,activity_proxy,parking_meters_reporting,218.0,false,J
2023-01-01,gaslamp,activity_proxy,parking_revenue_usd,42713.42999999999,false,J
2023-01-01,marina,activity_proxy,paid_sessions,39661.0,false,J
2023-01-01,marina,activity_proxy,parking_meters_reporting,199.0,false,J
2023-01-01,marina,activity_proxy,parking_revenue_usd,95576.77999999997,false,J
2023-02-01,city_center,activity_proxy,paid_sessions,35691.0,false,J
2023-02-01,city_center,activity_proxy,parking_meters_reporting,294.0,false,J
2023-02-01,city_center,activity_proxy,parking_revenue_usd,51297.369999999995,false,J
2023-02-01,columbia,activity_proxy,paid_sessions,17384.0,false,J
2023-02-01,columbia,activity_proxy,parking_meters_reporting,102.0,false,J
2023-02-01,columbia,activity_proxy,parking_revenue_usd,27157.08000000001,false,J
2023-02-01,cortez,activity_proxy,paid_sessions,38179.0,false,J
2023-02-01,cortez,activity_proxy,parking_meters_reporting,427.0,false,J
2023-02-01,cortez,activity_proxy,parking_revenue_usd,57209.27,false,J
2023-02-01,east_village,activity_proxy,paid_sessions,76912.0,false,J
2023-02-01,east_village,activity_proxy,parking_meters_reporting,721.0,false,J
2023-02-01,east_village,activity_proxy,parking_revenue_usd,135461.8299999997,false,J
2023-02-01,gaslamp,activity_proxy,paid_sessions,27122.0,false,J
2023-02-01,gaslamp,activity_proxy,parking_meters_reporting,220.0,false,J
2023-02-01,gaslamp,activity_proxy,parking_revenue_usd,41521.09,false,J
2023-02-01,marina,activity_proxy,paid_sessions,39331.0,false,J
2023-02-01,marina,activity_proxy,parking_meters_reporting,205.0,false,J
2023-02-01,marina,activity_proxy,parking_revenue_usd,95157.31999999998,false,J
2023-03-01,city_center,activity_proxy,paid_sessions,39117.0,false,J
2023-03-01,city_center,activity_proxy,parking_meters_reporting,281.0,false,J
2023-03-01,city_center,activity_proxy,parking_revenue_usd,56091.520000000004,false,J
2023-03-01,columbia,activity_proxy,paid_sessions,20769.0,false,J
2023-03-01,columbia,activity_proxy,parking_meters_reporting,117.0,false,J
2023-03-01,columbia,activity_proxy,parking_revenue_usd,31847.400000000005,false,J
2023-03-01,cortez,activity_proxy,paid_sessions,45060.0,false,J
2023-03-01,cortez,activity_proxy,parking_meters_reporting,424.0,false,J
2023-03-01,cortez,activity_proxy,parking_revenue_usd,66445.95999999999,false,J
2023-03-01,east_village,activity_proxy,paid_sessions,86649.0,false,J
2023-03-01,east_village,activity_proxy,parking_meters_reporting,721.0,false,J
2023-03-01,east_village,activity_proxy,parking_revenue_usd,153857.06999999977,false,J
2023-03-01,gaslamp,activity_proxy,paid_sessions,30300.0,false,J
2023-03-01,gaslamp,activity_proxy,parking_meters_reporting,220.0,false,J
2023-03-01,gaslamp,activity_proxy,parking_revenue_usd,46327.83999999999,false,J
2023-03-01,marina,activity_proxy,paid_sessions,44739.0,false,J
2023-03-01,marina,activity_proxy,parking_meters_reporting,205.0,false,J
2023-03-01,marina,activity_proxy,parking_revenue_usd,107033.70999999999,false,J
2023-04-01,city_center,activity_proxy,paid_sessions,38232.0,false,J
2023-04-01,city_center,activity_proxy,parking_meters_reporting,289.0,false,J
2023-04-01,city_center,activity_proxy,parking_revenue_usd,55465.78000000001,false,J
2023-04-01,columbia,activity_proxy,paid_sessions,21024.0,false,J
2023-04-01,columbia,activity_proxy,parking_meters_reporting,114.0,false,J
2023-04-01,columbia,activity_proxy,parking_revenue_usd,32632.049999999996,false,J
2023-04-01,cortez,activity_proxy,paid_sessions,42449.0,false,J
2023-04-01,cortez,activity_proxy,parking_meters_reporting,425.0,false,J
2023-04-01,cortez,activity_proxy,parking_revenue_usd,63565.350000000006,false,J
2023-04-01,east_village,activity_proxy,paid_sessions,84056.0,false,J
2023-04-01,east_village,activity_proxy,parking_meters_reporting,723.0,false,J
2023-04-01,east_village,activity_proxy,parking_revenue_usd,150581.53999999975,false,J
2023-04-01,gaslamp,activity_proxy,paid_sessions,28949.0,false,J
2023-04-01,gaslamp,activity_proxy,parking_meters_reporting,228.0,false,J
2023-04-01,gaslamp,activity_proxy,parking_revenue_usd,44517.66,false,J
2023-04-01,marina,activity_proxy,paid_sessions,43689.0,false,J
2023-04-01,marina,activity_proxy,parking_meters_reporting,205.0,false,J
2023-04-01,marina,activity_proxy,parking_revenue_usd,103890.90999999997,false,J
2023-05-01,city_center,activity_proxy,paid_sessions,39650.0,false,J
2023-05-01,city_center,activity_proxy,parking_meters_reporting,290.0,false,J
2023-05-01,city_center,activity_proxy,parking_revenue_usd,55674.55999999998,false,J
2023-05-01,columbia,activity_proxy,paid_sessions,21705.0,false,J
2023-05-01,columbia,activity_proxy,parking_meters_reporting,112.0,false,J
2023-05-01,columbia,activity_proxy,parking_revenue_usd,33407.279999999984,false,J
2023-05-01,cortez,activity_proxy,paid_sessions,42834.0,false,J
2023-05-01,cortez,activity_proxy,parking_meters_reporting,426.0,false,J
2023-05-01,cortez,activity_proxy,parking_revenue_usd,62510.96000000002,false,J
2023-05-01,east_village,activity_proxy,paid_sessions,88379.0,false,J
2023-05-01,east_village,activity_proxy,parking_meters_reporting,723.0,false,J
2023-05-01,east_village,activity_proxy,parking_revenue_usd,156870.46999999986,false,J
2023-05-01,gaslamp,activity_proxy,paid_sessions,29389.0,false,J
2023-05-01,gaslamp,activity_proxy,parking_meters_reporting,218.0,false,J
2023-05-01,gaslamp,activity_proxy,parking_revenue_usd,45506.73999999999,false,J
2023-05-01,marina,activity_proxy,paid_sessions,44750.0,false,J
2023-05-01,marina,activity_proxy,parking_meters_reporting,202.0,false,J
2023-05-01,marina,activity_proxy,parking_revenue_usd,106356.85999999999,false,J
2023-06-01,city_center,activity_proxy,paid_sessions,39123.0,false,J
2023-06-01,city_center,activity_proxy,parking_meters_reporting,284.0,false,J
2023-06-01,city_center,activity_proxy,parking_revenue_usd,54770.389999999956,false,J
2023-06-01,columbia,activity_proxy,paid_sessions,20373.0,false,J
2023-06-01,columbia,activity_proxy,parking_meters_reporting,114.0,false,J
2023-06-01,columbia,activity_proxy,parking_revenue_usd,31300.350000000006,false,J
2023-06-01,cortez,activity_proxy,paid_sessions,42527.0,false,J
2023-06-01,cortez,activity_proxy,parking_meters_reporting,425.0,false,J
2023-06-01,cortez,activity_proxy,parking_revenue_usd,61633.89000000001,false,J
2023-06-01,east_village,activity_proxy,paid_sessions,85175.0,false,J
2023-06-01,east_village,activity_proxy,parking_meters_reporting,725.0,false,J
2023-06-01,east_village,activity_proxy,parking_revenue_usd,148049.43999999986,false,J
2023-06-01,gaslamp,activity_proxy,paid_sessions,30170.0,false,J
2023-06-01,gaslamp,activity_proxy,parking_meters_reporting,217.0,false,J
2023-06-01,gaslamp,activity_proxy,parking_revenue_usd,46313.50000000001,false,J
2023-06-01,marina,activity_proxy,paid_sessions,45201.0,false,J
2023-06-01,marina,activity_proxy,parking_meters_reporting,202.0,false,J
2023-06-01,marina,activity_proxy,parking_revenue_usd,107664.65,false,J
2023-07-01,city_center,activity_proxy,paid_sessions,39824.0,false,J
2023-07-01,city_center,activity_proxy,parking_meters_reporting,284.0,false,J
2023-07-01,city_center,activity_proxy,parking_revenue_usd,56273.809999999954,false,J
2023-07-01,columbia,activity_proxy,paid_sessions,21833.0,false,J
2023-07-01,columbia,activity_proxy,parking_meters_reporting,114.0,false,J
2023-07-01,columbia,activity_proxy,parking_revenue_usd,34034.42999999999,false,J
2023-07-01,cortez,activity_proxy,paid_sessions,41785.0,false,J
2023-07-01,cortez,activity_proxy,parking_meters_reporting,429.0,false,J
2023-07-01,cortez,activity_proxy,parking_revenue_usd,60479.560000000034,false,J
2023-07-01,east_village,activity_proxy,paid_sessions,85781.0,false,J
2023-07-01,east_village,activity_proxy,parking_meters_reporting,730.0,false,J
2023-07-01,east_village,activity_proxy,parking_revenue_usd,149001.36999999994,false,J
2023-07-01,gaslamp,activity_proxy,paid_sessions,26152.0,false,J
2023-07-01,gaslamp,activity_proxy,parking_meters_reporting,174.0,false,J
2023-07-01,gaslamp,activity_proxy,parking_revenue_usd,40280.44,false,J
2023-07-01,marina,activity_proxy,paid_sessions,46092.0,false,J
2023-07-01,marina,activity_proxy,parking_meters_reporting,204.0,false,J
2023-07-01,marina,activity_proxy,parking_revenue_usd,110702.59999999995,false,J
2023-08-01,city_center,activity_proxy,paid_sessions,42584.0,false,J
2023-08-01,city_center,activity_proxy,parking_meters_reporting,292.0,false,J
2023-08-01,city_center,activity_proxy,parking_revenue_usd,59725.90999999995,false,J
2023-08-01,columbia,activity_proxy,paid_sessions,22442.0,false,J
2023-08-01,columbia,activity_proxy,parking_meters_reporting,117.0,false,J
2023-08-01,columbia,activity_proxy,parking_revenue_usd,35129.560000000005,false,J
2023-08-01,cortez,activity_proxy,paid_sessions,44817.0,false,J
2023-08-01,cortez,activity_proxy,parking_meters_reporting,427.0,false,J
2023-08-01,cortez,activity_proxy,parking_revenue_usd,64897.709999999955,false,J
2023-08-01,east_village,activity_proxy,paid_sessions,93184.0,false,J
2023-08-01,east_village,activity_proxy,parking_meters_reporting,735.0,false,J
2023-08-01,east_village,activity_proxy,parking_revenue_usd,159421.68999999974,false,J
2023-08-01,gaslamp,activity_proxy,paid_sessions,29449.0,false,J
2023-08-01,gaslamp,activity_proxy,parking_meters_reporting,179.0,false,J
2023-08-01,gaslamp,activity_proxy,parking_revenue_usd,44941.24,false,J
2023-08-01,marina,activity_proxy,paid_sessions,48249.0,false,J
2023-08-01,marina,activity_proxy,parking_meters_reporting,205.0,false,J
2023-08-01,marina,activity_proxy,parking_revenue_usd,115392.61999999994,false,J
2023-09-01,city_center,activity_proxy,paid_sessions,38581.0,false,J
2023-09-01,city_center,activity_proxy,parking_meters_reporting,289.0,false,J
2023-09-01,city_center,activity_proxy,parking_revenue_usd,54626.64999999999,false,J
2023-09-01,columbia,activity_proxy,paid_sessions,19710.0,false,J
2023-09-01,columbia,activity_proxy,parking_meters_reporting,107.0,false,J
2023-09-01,columbia,activity_proxy,parking_revenue_usd,31036.179999999993,false,J
2023-09-01,cortez,activity_proxy,paid_sessions,40737.0,false,J
2023-09-01,cortez,activity_proxy,parking_meters_reporting,427.0,false,J
2023-09-01,cortez,activity_proxy,parking_revenue_usd,60335.2,false,J
2023-09-01,east_village,activity_proxy,paid_sessions,84844.0,false,J
2023-09-01,east_village,activity_proxy,parking_meters_reporting,734.0,false,J
2023-09-01,east_village,activity_proxy,parking_revenue_usd,145735.87999999977,false,J
2023-09-01,gaslamp,activity_proxy,paid_sessions,26071.0,false,J
2023-09-01,gaslamp,activity_proxy,parking_meters_reporting,179.0,false,J
2023-09-01,gaslamp,activity_proxy,parking_revenue_usd,39915.68000000003,false,J
2023-09-01,marina,activity_proxy,paid_sessions,42028.0,false,J
2023-09-01,marina,activity_proxy,parking_meters_reporting,203.0,false,J
2023-09-01,marina,activity_proxy,parking_revenue_usd,100523.23999999995,false,J
2023-10-01,city_center,activity_proxy,paid_sessions,39868.0,false,J
2023-10-01,city_center,activity_proxy,parking_meters_reporting,290.0,false,J
2023-10-01,city_center,activity_proxy,parking_revenue_usd,56571.93999999999,false,J
2023-10-01,columbia,activity_proxy,paid_sessions,20150.0,false,J
2023-10-01,columbia,activity_proxy,parking_meters_reporting,105.0,false,J
2023-10-01,columbia,activity_proxy,parking_revenue_usd,31088.15,false,J
2023-10-01,cortez,activity_proxy,paid_sessions,42216.0,false,J
2023-10-01,cortez,activity_proxy,parking_meters_reporting,430.0,false,J
2023-10-01,cortez,activity_proxy,parking_revenue_usd,63348.88999999996,false,J
2023-10-01,east_village,activity_proxy,paid_sessions,85837.0,false,J
2023-10-01,east_village,activity_proxy,parking_meters_reporting,730.0,false,J
2023-10-01,east_village,activity_proxy,parking_revenue_usd,148274.53999999966,false,J
2023-10-01,gaslamp,activity_proxy,paid_sessions,24936.0,false,J
2023-10-01,gaslamp,activity_proxy,parking_meters_reporting,177.0,false,J
2023-10-01,gaslamp,activity_proxy,parking_revenue_usd,38857.18000000001,false,J
2023-10-01,marina,activity_proxy,paid_sessions,42539.0,false,J
2023-10-01,marina,activity_proxy,parking_meters_reporting,205.0,false,J
2023-10-01,marina,activity_proxy,parking_revenue_usd,102602.12999999995,false,J
2023-11-01,city_center,activity_proxy,paid_sessions,35210.0,false,J
2023-11-01,city_center,activity_proxy,parking_meters_reporting,291.0,false,J
2023-11-01,city_center,activity_proxy,parking_revenue_usd,49822.59000000001,false,J
2023-11-01,columbia,activity_proxy,paid_sessions,16803.0,false,J
2023-11-01,columbia,activity_proxy,parking_meters_reporting,103.0,false,J
2023-11-01,columbia,activity_proxy,parking_revenue_usd,26348.210000000006,false,J
2023-11-01,cortez,activity_proxy,paid_sessions,35999.0,false,J
2023-11-01,cortez,activity_proxy,parking_meters_reporting,426.0,false,J
2023-11-01,cortez,activity_proxy,parking_revenue_usd,53849.769999999975,false,J
2023-11-01,east_village,activity_proxy,paid_sessions,75516.0,false,J
2023-11-01,east_village,activity_proxy,parking_meters_reporting,725.0,false,J
2023-11-01,east_village,activity_proxy,parking_revenue_usd,130031.44999999975,false,J
2023-11-01,gaslamp,activity_proxy,paid_sessions,22387.0,false,J
2023-11-01,gaslamp,activity_proxy,parking_meters_reporting,177.0,false,J
2023-11-01,gaslamp,activity_proxy,parking_revenue_usd,34675.84000000002,false,J
2023-11-01,marina,activity_proxy,paid_sessions,38245.0,false,J
2023-11-01,marina,activity_proxy,parking_meters_reporting,206.0,false,J
2023-11-01,marina,activity_proxy,parking_revenue_usd,91635.16999999995,false,J
2023-12-01,city_center,activity_proxy,paid_sessions,37712.0,false,J
2023-12-01,city_center,activity_proxy,parking_meters_reporting,291.0,false,J
2023-12-01,city_center,activity_proxy,parking_revenue_usd,52790.48000000002,false,J
2023-12-01,columbia,activity_proxy,paid_sessions,17900.0,false,J
2023-12-01,columbia,activity_proxy,parking_meters_reporting,108.0,false,J
2023-12-01,columbia,activity_proxy,parking_revenue_usd,28415.229999999996,false,J
2023-12-01,cortez,activity_proxy,paid_sessions,37417.0,false,J
2023-12-01,cortez,activity_proxy,parking_meters_reporting,427.0,false,J
2023-12-01,cortez,activity_proxy,parking_revenue_usd,54398.970000000016,false,J
2023-12-01,east_village,activity_proxy,paid_sessions,80697.0,false,J
2023-12-01,east_village,activity_proxy,parking_meters_reporting,728.0,false,J
2023-12-01,east_village,activity_proxy,parking_revenue_usd,137131.40999999986,false,J
2023-12-01,gaslamp,activity_proxy,paid_sessions,24553.0,false,J
2023-12-01,gaslamp,activity_proxy,parking_meters_reporting,178.0,false,J
2023-12-01,gaslamp,activity_proxy,parking_revenue_usd,38139.02999999999,false,J
2023-12-01,marina,activity_proxy,paid_sessions,41312.0,false,J
2023-12-01,marina,activity_proxy,parking_meters_reporting,202.0,false,J
2023-12-01,marina,activity_proxy,parking_revenue_usd,98497.65999999996,false,J
2024-01-01,city_center,activity_proxy,paid_sessions,36579.0,false,J
2024-01-01,city_center,activity_proxy,parking_meters_reporting,289.0,false,J
2024-01-01,city_center,activity_proxy,parking_revenue_usd,52251.41999999997,false,J
2024-01-01,columbia,activity_proxy,paid_sessions,18409.0,false,J
2024-01-01,columbia,activity_proxy,parking_meters_reporting,106.0,false,J
2024-01-01,columbia,activity_proxy,parking_revenue_usd,29099.36,false,J
2024-01-01,cortez,activity_proxy,paid_sessions,40948.0,false,J
2024-01-01,cortez,activity_proxy,parking_meters_reporting,427.0,false,J
2024-01-01,cortez,activity_proxy,parking_revenue_usd,59389.35999999996,false,J
2024-01-01,east_village,activity_proxy,paid_sessions,76784.0,false,J
2024-01-01,east_village,activity_proxy,parking_meters_reporting,720.0,false,J
2024-01-01,east_village,activity_proxy,parking_revenue_usd,131394.51999999976,false,J
2024-01-01,gaslamp,activity_proxy,paid_sessions,24996.0,false,J
2024-01-01,gaslamp,activity_proxy,parking_meters_reporting,183.0,false,J
2024-01-01,gaslamp,activity_proxy,parking_revenue_usd,38028.570000000014,false,J
2024-01-01,marina,activity_proxy,paid_sessions,39210.0,false,J
2024-01-01,marina,activity_proxy,parking_meters_reporting,203.0,false,J
2024-01-01,marina,activity_proxy,parking_revenue_usd,93923.37999999998,false,J
2024-02-01,city_center,activity_proxy,paid_sessions,34943.0,false,J
2024-02-01,city_center,activity_proxy,parking_meters_reporting,289.0,false,J
2024-02-01,city_center,activity_proxy,parking_revenue_usd,50173.09999999995,false,J
2024-02-01,columbia,activity_proxy,paid_sessions,17746.0,false,J
2024-02-01,columbia,activity_proxy,parking_meters_reporting,106.0,false,J
2024-02-01,columbia,activity_proxy,parking_revenue_usd,28048.49,false,J
2024-02-01,cortez,activity_proxy,paid_sessions,39263.0,false,J
2024-02-01,cortez,activity_proxy,parking_meters_reporting,419.0,false,J
2024-02-01,cortez,activity_proxy,parking_revenue_usd,58263.029999999955,false,J
2024-02-01,east_village,activity_proxy,paid_sessions,77192.0,false,J
2024-02-01,east_village,activity_proxy,parking_meters_reporting,723.0,false,J
2024-02-01,east_village,activity_proxy,parking_revenue_usd,133496.46999999977,false,J
2024-02-01,gaslamp,activity_proxy,paid_sessions,23048.0,false,J
2024-02-01,gaslamp,activity_proxy,parking_meters_reporting,180.0,false,J
2024-02-01,gaslamp,activity_proxy,parking_revenue_usd,35987.91000000001,false,J
2024-02-01,marina,activity_proxy,paid_sessions,38798.0,false,J
2024-02-01,marina,activity_proxy,parking_meters_reporting,206.0,false,J
2024-02-01,marina,activity_proxy,parking_revenue_usd,92550.41999999998,false,J
2024-03-01,city_center,activity_proxy,paid_sessions,39200.0,false,J
2024-03-01,city_center,activity_proxy,parking_meters_reporting,287.0,false,J
2024-03-01,city_center,activity_proxy,parking_revenue_usd,56489.58999999996,false,J
2024-03-01,columbia,activity_proxy,paid_sessions,18526.0,false,J
2024-03-01,columbia,activity_proxy,parking_meters_reporting,109.0,false,J
2024-03-01,columbia,activity_proxy,parking_revenue_usd,30041.280000000017,false,J
2024-03-01,cortez,activity_proxy,paid_sessions,42857.0,false,J
2024-03-01,cortez,activity_proxy,parking_meters_reporting,425.0,false,J
2024-03-01,cortez,activity_proxy,parking_revenue_usd,64060.61999999997,false,J
2024-03-01,east_village,activity_proxy,paid_sessions,87336.0,false,J
2024-03-01,east_village,activity_proxy,parking_meters_reporting,736.0,false,J
2024-03-01,east_village,activity_proxy,parking_revenue_usd,151636.5199999997,false,J
2024-03-01,gaslamp,activity_proxy,paid_sessions,26951.0,false,J
2024-03-01,gaslamp,activity_proxy,parking_meters_reporting,188.0,false,J
2024-03-01,gaslamp,activity_proxy,parking_revenue_usd,42407.52999999999,false,J
2024-03-01,marina,activity_proxy,paid_sessions,44169.0,false,J
2024-03-01,marina,activity_proxy,parking_meters_reporting,205.0,false,J
2024-03-01,marina,activity_proxy,parking_revenue_usd,104850.98000000001,false,J
2024-04-01,city_center,activity_proxy,paid_sessions,39140.0,false,J
2024-04-01,city_center,activity_proxy,parking_meters_reporting,290.0,false,J
2024-04-01,city_center,activity_proxy,parking_revenue_usd,55707.060000000005,false,J
2024-04-01,columbia,activity_proxy,paid_sessions,17932.0,false,J
2024-04-01,columbia,activity_proxy,parking_meters_reporting,106.0,false,J
2024-04-01,columbia,activity_proxy,parking_revenue_usd,28775.71000000001,false,J
2024-04-01,cortez,activity_proxy,paid_sessions,41523.0,false,J
2024-04-01,cortez,activity_proxy,parking_meters_reporting,422.0,false,J
2024-04-01,cortez,activity_proxy,parking_revenue_usd,62460.419999999955,false,J
2024-04-01,east_village,activity_proxy,paid_sessions,85524.0,false,J
2024-04-01,east_village,activity_proxy,parking_meters_reporting,760.0,false,J
2024-04-01,east_village,activity_proxy,parking_revenue_usd,148354.7599999997,false,J
2024-04-01,gaslamp,activity_proxy,paid_sessions,27574.0,false,J
2024-04-01,gaslamp,activity_proxy,parking_meters_reporting,190.0,false,J
2024-04-01,gaslamp,activity_proxy,parking_revenue_usd,43096.62000000002,false,J
2024-04-01,marina,activity_proxy,paid_sessions,45791.0,false,J
2024-04-01,marina,activity_proxy,parking_meters_reporting,206.0,false,J
2024-04-01,marina,activity_proxy,parking_revenue_usd,108003.90999999997,false,J
2024-05-01,city_center,activity_proxy,paid_sessions,39216.0,false,J
2024-05-01,city_center,activity_proxy,parking_meters_reporting,288.0,false,J
2024-05-01,city_center,activity_proxy,parking_revenue_usd,55748.64999999999,false,J
2024-05-01,columbia,activity_proxy,paid_sessions,19615.0,false,J
2024-05-01,columbia,activity_proxy,parking_meters_reporting,107.0,false,J
2024-05-01,columbia,activity_proxy,parking_revenue_usd,30845.570000000007,false,J
2024-05-01,cortez,activity_proxy,paid_sessions,41709.0,false,J
2024-05-01,cortez,activity_proxy,parking_meters_reporting,425.0,false,J
2024-05-01,cortez,activity_proxy,parking_revenue_usd,61388.599999999955,false,J
2024-05-01,east_village,activity_proxy,paid_sessions,88509.0,false,J
2024-05-01,east_village,activity_proxy,parking_meters_reporting,789.0,false,J
2024-05-01,east_village,activity_proxy,parking_revenue_usd,155660.39999999956,false,J
2024-05-01,gaslamp,activity_proxy,paid_sessions,28715.0,false,J
2024-05-01,gaslamp,activity_proxy,parking_meters_reporting,192.0,false,J
2024-05-01,gaslamp,activity_proxy,parking_revenue_usd,44457.829999999994,false,J
2024-05-01,marina,activity_proxy,paid_sessions,46300.0,false,J
2024-05-01,marina,activity_proxy,parking_meters_reporting,207.0,false,J
2024-05-01,marina,activity_proxy,parking_revenue_usd,109639.01999999999,false,J
2024-06-01,city_center,activity_proxy,paid_sessions,35811.0,false,J
2024-06-01,city_center,activity_proxy,parking_meters_reporting,290.0,false,J
2024-06-01,city_center,activity_proxy,parking_revenue_usd,50352.58999999995,false,J
2024-06-01,columbia,activity_proxy,paid_sessions,18283.0,false,J
2024-06-01,columbia,activity_proxy,parking_meters_reporting,107.0,false,J
2024-06-01,columbia,activity_proxy,parking_revenue_usd,28313.259999999984,false,J
2024-06-01,cortez,activity_proxy,paid_sessions,38807.0,false,J
2024-06-01,cortez,activity_proxy,parking_meters_reporting,425.0,false,J
2024-06-01,cortez,activity_proxy,parking_revenue_usd,57155.46999999999,false,J
2024-06-01,east_village,activity_proxy,paid_sessions,82982.0,false,J
2024-06-01,east_village,activity_proxy,parking_meters_reporting,799.0,false,J
2024-06-01,east_village,activity_proxy,parking_revenue_usd,146018.14999999962,false,J
2024-06-01,gaslamp,activity_proxy,paid_sessions,26754.0,false,J
2024-06-01,gaslamp,activity_proxy,parking_meters_reporting,194.0,false,J
2024-06-01,gaslamp,activity_proxy,parking_revenue_usd,41574.93000000002,false,J
2024-06-01,marina,activity_proxy,paid_sessions,43530.0,false,J
2024-06-01,marina,activity_proxy,parking_meters_reporting,204.0,false,J
2024-06-01,marina,activity_proxy,parking_revenue_usd,102378.97999999997,false,J
2024-07-01,city_center,activity_proxy,paid_sessions,38952.0,false,J
2024-07-01,city_center,activity_proxy,parking_meters_reporting,294.0,false,J
2024-07-01,city_center,activity_proxy,parking_revenue_usd,55475.51999999996,false,J
2024-07-01,columbia,activity_proxy,paid_sessions,19834.0,false,J
2024-07-01,columbia,activity_proxy,parking_meters_reporting,107.0,false,J
2024-07-01,columbia,activity_proxy,parking_revenue_usd,30881.880000000005,false,J
2024-07-01,cortez,activity_proxy,paid_sessions,41723.0,false,J
2024-07-01,cortez,activity_proxy,parking_meters_reporting,424.0,false,J
2024-07-01,cortez,activity_proxy,parking_revenue_usd,63007.24999999993,false,J
2024-07-01,east_village,activity_proxy,paid_sessions,90299.0,false,J
2024-07-01,east_village,activity_proxy,parking_meters_reporting,812.0,false,J
2024-07-01,east_village,activity_proxy,parking_revenue_usd,158075.56999999948,false,J
2024-07-01,gaslamp,activity_proxy,paid_sessions,27970.0,false,J
2024-07-01,gaslamp,activity_proxy,parking_meters_reporting,195.0,false,J
2024-07-01,gaslamp,activity_proxy,parking_revenue_usd,44011.73999999999,false,J
2024-07-01,marina,activity_proxy,paid_sessions,45988.0,false,J
2024-07-01,marina,activity_proxy,parking_meters_reporting,206.0,false,J
2024-07-01,marina,activity_proxy,parking_revenue_usd,109329.8999999999,false,J
2024-08-01,city_center,activity_proxy,paid_sessions,39414.0,false,J
2024-08-01,city_center,activity_proxy,parking_meters_reporting,288.0,false,J
2024-08-01,city_center,activity_proxy,parking_revenue_usd,56449.929999999964,false,J
2024-08-01,columbia,activity_proxy,paid_sessions,20006.0,false,J
2024-08-01,columbia,activity_proxy,parking_meters_reporting,107.0,false,J
2024-08-01,columbia,activity_proxy,parking_revenue_usd,31545.32000000001,false,J
2024-08-01,cortez,activity_proxy,paid_sessions,41337.0,false,J
2024-08-01,cortez,activity_proxy,parking_meters_reporting,424.0,false,J
2024-08-01,cortez,activity_proxy,parking_revenue_usd,61308.47999999998,false,J
2024-08-01,east_village,activity_proxy,paid_sessions,94738.0,false,J
2024-08-01,east_village,activity_proxy,parking_meters_reporting,834.0,false,J
2024-08-01,east_village,activity_proxy,parking_revenue_usd,163582.58999999953,false,J
2024-08-01,gaslamp,activity_proxy,paid_sessions,30174.0,false,J
2024-08-01,gaslamp,activity_proxy,parking_meters_reporting,194.0,false,J
2024-08-01,gaslamp,activity_proxy,parking_revenue_usd,46526.61999999998,false,J
2024-08-01,marina,activity_proxy,paid_sessions,46786.0,false,J
2024-08-01,marina,activity_proxy,parking_meters_reporting,203.0,false,J
2024-08-01,marina,activity_proxy,parking_revenue_usd,110198.24999999997,false,J
2024-09-01,city_center,activity_proxy,paid_sessions,32225.0,false,J
2024-09-01,city_center,activity_proxy,parking_meters_reporting,285.0,false,J
2024-09-01,city_center,activity_proxy,parking_revenue_usd,45889.37,false,J
2024-09-01,columbia,activity_proxy,paid_sessions,17151.0,false,J
2024-09-01,columbia,activity_proxy,parking_meters_reporting,104.0,false,J
2024-09-01,columbia,activity_proxy,parking_revenue_usd,26868.96999999998,false,J
2024-09-01,cortez,activity_proxy,paid_sessions,36550.0,false,J
2024-09-01,cortez,activity_proxy,parking_meters_reporting,416.0,false,J
2024-09-01,cortez,activity_proxy,parking_revenue_usd,56305.92999999994,false,J
2024-09-01,east_village,activity_proxy,paid_sessions,81927.0,false,J
2024-09-01,east_village,activity_proxy,parking_meters_reporting,835.0,false,J
2024-09-01,east_village,activity_proxy,parking_revenue_usd,143153.57999999964,false,J
2024-09-01,gaslamp,activity_proxy,paid_sessions,25056.0,false,J
2024-09-01,gaslamp,activity_proxy,parking_meters_reporting,194.0,false,J
2024-09-01,gaslamp,activity_proxy,parking_revenue_usd,39389.59,false,J
2024-09-01,marina,activity_proxy,paid_sessions,39963.0,false,J
2024-09-01,marina,activity_proxy,parking_meters_reporting,204.0,false,J
2024-09-01,marina,activity_proxy,parking_revenue_usd,95308.19999999994,false,J
2024-10-01,city_center,activity_proxy,paid_sessions,34546.0,false,J
2024-10-01,city_center,activity_proxy,parking_meters_reporting,284.0,false,J
2024-10-01,city_center,activity_proxy,parking_revenue_usd,49989.519999999946,false,J
2024-10-01,columbia,activity_proxy,paid_sessions,18114.0,false,J
2024-10-01,columbia,activity_proxy,parking_meters_reporting,103.0,false,J
2024-10-01,columbia,activity_proxy,parking_revenue_usd,28936.570000000014,false,J
2024-10-01,cortez,activity_proxy,paid_sessions,40525.0,false,J
2024-10-01,cortez,activity_proxy,parking_meters_reporting,417.0,false,J
2024-10-01,cortez,activity_proxy,parking_revenue_usd,62151.01000000007,false,J
2024-10-01,east_village,activity_proxy,paid_sessions,89182.0,false,J
2024-10-01,east_village,activity_proxy,parking_meters_reporting,841.0,false,J
2024-10-01,east_village,activity_proxy,parking_revenue_usd,157674.94999999946,false,J
2024-10-01,gaslamp,activity_proxy,paid_sessions,27038.0,false,J
2024-10-01,gaslamp,activity_proxy,parking_meters_reporting,191.0,false,J
2024-10-01,gaslamp,activity_proxy,parking_revenue_usd,42943.42000000001,false,J
2024-10-01,marina,activity_proxy,paid_sessions,43284.0,false,J
2024-10-01,marina,activity_proxy,parking_meters_reporting,205.0,false,J
2024-10-01,marina,activity_proxy,parking_revenue_usd,102799.18999999994,false,J
2024-11-01,city_center,activity_proxy,paid_sessions,29134.0,false,J
2024-11-01,city_center,activity_proxy,parking_meters_reporting,278.0,false,J
2024-11-01,city_center,activity_proxy,parking_revenue_usd,42336.920000000006,false,J
2024-11-01,columbia,activity_proxy,paid_sessions,15573.0,false,J
2024-11-01,columbia,activity_proxy,parking_meters_reporting,101.0,false,J
2024-11-01,columbia,activity_proxy,parking_revenue_usd,24860.660000000003,false,J
2024-11-01,cortez,activity_proxy,paid_sessions,31988.0,false,J
2024-11-01,cortez,activity_proxy,parking_meters_reporting,410.0,false,J
2024-11-01,cortez,activity_proxy,parking_revenue_usd,49328.56999999998,false,J
2024-11-01,east_village,activity_proxy,paid_sessions,77434.0,false,J
2024-11-01,east_village,activity_proxy,parking_meters_reporting,838.0,false,J
2024-11-01,east_village,activity_proxy,parking_revenue_usd,137121.48999999955,false,J
2024-11-01,gaslamp,activity_proxy,paid_sessions,24272.0,false,J
2024-11-01,gaslamp,activity_proxy,parking_meters_reporting,184.0,false,J
2024-11-01,gaslamp,activity_proxy,parking_revenue_usd,37901.02,false,J
2024-11-01,marina,activity_proxy,paid_sessions,37172.0,false,J
2024-11-01,marina,activity_proxy,parking_meters_reporting,201.0,false,J
2024-11-01,marina,activity_proxy,parking_revenue_usd,88184.18,false,J
2024-12-01,city_center,activity_proxy,paid_sessions,31236.0,false,J
2024-12-01,city_center,activity_proxy,parking_meters_reporting,281.0,false,J
2024-12-01,city_center,activity_proxy,parking_revenue_usd,44750.09999999997,false,J
2024-12-01,columbia,activity_proxy,paid_sessions,15633.0,false,J
2024-12-01,columbia,activity_proxy,parking_meters_reporting,101.0,false,J
2024-12-01,columbia,activity_proxy,parking_revenue_usd,25168.729999999996,false,J
2024-12-01,cortez,activity_proxy,paid_sessions,30463.0,false,J
2024-12-01,cortez,activity_proxy,parking_meters_reporting,416.0,false,J
2024-12-01,cortez,activity_proxy,parking_revenue_usd,46211.15999999999,false,J
2024-12-01,east_village,activity_proxy,paid_sessions,76889.0,false,J
2024-12-01,east_village,activity_proxy,parking_meters_reporting,821.0,false,J
2024-12-01,east_village,activity_proxy,parking_revenue_usd,136443.64999999976,false,J
2024-12-01,gaslamp,activity_proxy,paid_sessions,23082.0,false,J
2024-12-01,gaslamp,activity_proxy,parking_meters_reporting,181.0,false,J
2024-12-01,gaslamp,activity_proxy,parking_revenue_usd,36771.709999999985,false,J
2024-12-01,marina,activity_proxy,paid_sessions,37678.0,false,J
2024-12-01,marina,activity_proxy,parking_meters_reporting,197.0,false,J
2024-12-01,marina,activity_proxy,parking_revenue_usd,89470.4,false,J
2025-01-01,city_center,activity_proxy,paid_sessions,31713.0,false,J
2025-01-01,city_center,activity_proxy,parking_meters_reporting,281.0,false,J
2025-01-01,city_center,activity_proxy,parking_revenue_usd,46785.65,false,J
2025-01-01,columbia,activity_proxy,paid_sessions,16136.0,false,J
2025-01-01,columbia,activity_proxy,parking_meters_reporting,100.0,false,J
2025-01-01,columbia,activity_proxy,parking_revenue_usd,26449.829999999998,false,J
2025-01-01,cortez,activity_proxy,paid_sessions,33652.0,false,J
2025-01-01,cortez,activity_proxy,parking_meters_reporting,407.0,false,J
2025-01-01,cortez,activity_proxy,parking_revenue_usd,51491.89999999998,false,J
2025-01-01,east_village,activity_proxy,paid_sessions,77025.0,false,J
2025-01-01,east_village,activity_proxy,parking_meters_reporting,782.0,false,J
2025-01-01,east_village,activity_proxy,parking_revenue_usd,141030.4099999997,false,J
2025-01-01,gaslamp,activity_proxy,paid_sessions,24321.0,false,J
2025-01-01,gaslamp,activity_proxy,parking_meters_reporting,189.0,false,J
2025-01-01,gaslamp,activity_proxy,parking_revenue_usd,39186.00000000001,false,J
2025-01-01,marina,activity_proxy,paid_sessions,38551.0,false,J
2025-01-01,marina,activity_proxy,parking_meters_reporting,199.0,false,J
2025-01-01,marina,activity_proxy,parking_revenue_usd,94873.12999999999,false,J
2025-02-01,city_center,activity_proxy,paid_sessions,31546.0,false,J
2025-02-01,city_center,activity_proxy,parking_meters_reporting,283.0,false,J
2025-02-01,city_center,activity_proxy,parking_revenue_usd,73574.7199999999,false,J
2025-02-01,columbia,activity_proxy,paid_sessions,17106.0,false,J
2025-02-01,columbia,activity_proxy,parking_meters_reporting,103.0,false,J
2025-02-01,columbia,activity_proxy,parking_revenue_usd,45014.739999999976,false,J
2025-02-01,cortez,activity_proxy,paid_sessions,35320.0,false,J
2025-02-01,cortez,activity_proxy,parking_meters_reporting,414.0,false,J
2025-02-01,cortez,activity_proxy,parking_revenue_usd,86477.31999999993,false,J
2025-02-01,east_village,activity_proxy,paid_sessions,81483.0,false,J
2025-02-01,east_village,activity_proxy,parking_meters_reporting,826.0,false,J
2025-02-01,east_village,activity_proxy,parking_revenue_usd,238258.2499999997,false,J
2025-02-01,gaslamp,activity_proxy,paid_sessions,25229.0,false,J
2025-02-01,gaslamp,activity_proxy,parking_meters_reporting,192.0,false,J
2025-02-01,gaslamp,activity_proxy,parking_revenue_usd,63180.11,false,J
2025-02-01,marina,activity_proxy,paid_sessions,35974.0,false,J
2025-02-01,marina,activity_proxy,parking_meters_reporting,198.0,false,J
2025-02-01,marina,activity_proxy,parking_revenue_usd,148043.2199999999,false,J
2025-03-01,city_center,activity_proxy,paid_sessions,33589.0,false,J
2025-03-01,city_center,activity_proxy,parking_meters_reporting,275.0,false,J
2025-03-01,city_center,activity_proxy,parking_revenue_usd,77927.59000000003,false,J
2025-03-01,columbia,activity_proxy,paid_sessions,17617.0,false,J
2025-03-01,columbia,activity_proxy,parking_meters_reporting,101.0,false,J
2025-03-01,columbia,activity_proxy,parking_revenue_usd,46410.380000000005,false,J
2025-03-01,cortez,activity_proxy,paid_sessions,36246.0,false,J
2025-03-01,cortez,activity_proxy,parking_meters_reporting,410.0,false,J
2025-03-01,cortez,activity_proxy,parking_revenue_usd,87455.33999999994,false,J
2025-03-01,east_village,activity_proxy,paid_sessions,87567.0,false,J
2025-03-01,east_village,activity_proxy,parking_meters_reporting,818.0,false,J
2025-03-01,east_village,activity_proxy,parking_revenue_usd,256804.35999999987,false,J
2025-03-01,gaslamp,activity_proxy,paid_sessions,26675.0,false,J
2025-03-01,gaslamp,activity_proxy,parking_meters_reporting,186.0,false,J
2025-03-01,gaslamp,activity_proxy,parking_revenue_usd,68603.10999999996,false,J
2025-03-01,marina,activity_proxy,paid_sessions,38540.0,false,J
2025-03-01,marina,activity_proxy,parking_meters_reporting,201.0,false,J
2025-03-01,marina,activity_proxy,parking_revenue_usd,157214.8999999999,false,J
2025-04-01,city_center,activity_proxy,paid_sessions,37616.0,false,J
2025-04-01,city_center,activity_proxy,parking_meters_reporting,296.0,false,J
2025-04-01,city_center,activity_proxy,parking_revenue_usd,86768.6699999999,false,J
2025-04-01,columbia,activity_proxy,paid_sessions,19601.0,false,J
2025-04-01,columbia,activity_proxy,parking_meters_reporting,104.0,false,J
2025-04-01,columbia,activity_proxy,parking_revenue_usd,51416.20999999999,false,J
2025-04-01,cortez,activity_proxy,paid_sessions,40723.0,false,J
2025-04-01,cortez,activity_proxy,parking_meters_reporting,416.0,false,J
2025-04-01,cortez,activity_proxy,parking_revenue_usd,100203.67999999993,false,J
2025-04-01,east_village,activity_proxy,paid_sessions,90733.0,false,J
2025-04-01,east_village,activity_proxy,parking_meters_reporting,828.0,false,J
2025-04-01,east_village,activity_proxy,parking_revenue_usd,263204.77999999985,false,J
2025-04-01,gaslamp,activity_proxy,paid_sessions,28878.0,false,J
2025-04-01,gaslamp,activity_proxy,parking_meters_reporting,191.0,false,J
2025-04-01,gaslamp,activity_proxy,parking_revenue_usd,73100.55999999995,false,J
2025-04-01,marina,activity_proxy,paid_sessions,40369.0,false,J
2025-04-01,marina,activity_proxy,parking_meters_reporting,197.0,false,J
2025-04-01,marina,activity_proxy,parking_revenue_usd,163175.72,false,J
2025-05-01,city_center,activity_proxy,paid_sessions,37795.0,false,J
2025-05-01,city_center,activity_proxy,parking_meters_reporting,298.0,false,J
2025-05-01,city_center,activity_proxy,parking_revenue_usd,86627.56999999993,false,J
2025-05-01,columbia,activity_proxy,paid_sessions,18505.0,false,J
2025-05-01,columbia,activity_proxy,parking_meters_reporting,99.0,false,J
2025-05-01,columbia,activity_proxy,parking_revenue_usd,49032.25999999996,false,J
2025-05-01,cortez,activity_proxy,paid_sessions,38301.0,false,J
2025-05-01,cortez,activity_proxy,parking_meters_reporting,417.0,false,J
2025-05-01,cortez,activity_proxy,parking_revenue_usd,89792.07999999993,false,J
2025-05-01,east_village,activity_proxy,paid_sessions,92095.0,false,J
2025-05-01,east_village,activity_proxy,parking_meters_reporting,827.0,false,J
2025-05-01,east_village,activity_proxy,parking_revenue_usd,262334.92999999964,false,J
2025-05-01,gaslamp,activity_proxy,paid_sessions,29159.0,false,J
2025-05-01,gaslamp,activity_proxy,parking_meters_reporting,190.0,false,J
2025-05-01,gaslamp,activity_proxy,parking_revenue_usd,72926.67,false,J
2025-05-01,marina,activity_proxy,paid_sessions,39616.0,false,J
2025-05-01,marina,activity_proxy,parking_meters_reporting,200.0,false,J
2025-05-01,marina,activity_proxy,parking_revenue_usd,157447.84999999992,false,J
2025-06-01,city_center,activity_proxy,paid_sessions,33838.0,false,J
2025-06-01,city_center,activity_proxy,parking_meters_reporting,294.0,false,J
2025-06-01,city_center,activity_proxy,parking_revenue_usd,77306.7499999999,false,J
2025-06-01,columbia,activity_proxy,paid_sessions,17128.0,false,J
2025-06-01,columbia,activity_proxy,parking_meters_reporting,100.0,false,J
2025-06-01,columbia,activity_proxy,parking_revenue_usd,44702.99,false,J
2025-06-01,cortez,activity_proxy,paid_sessions,34532.0,false,J
2025-06-01,cortez,activity_proxy,parking_meters_reporting,414.0,false,J
2025-06-01,cortez,activity_proxy,parking_revenue_usd,82066.62999999998,false,J
2025-06-01,east_village,activity_proxy,paid_sessions,83029.0,false,J
2025-06-01,east_village,activity_proxy,parking_meters_reporting,820.0,false,J
2025-06-01,east_village,activity_proxy,parking_revenue_usd,239147.74999999898,false,J
2025-06-01,gaslamp,activity_proxy,paid_sessions,27403.0,false,J
2025-06-01,gaslamp,activity_proxy,parking_meters_reporting,187.0,false,J
2025-06-01,gaslamp,activity_proxy,parking_revenue_usd,66898.77999999998,false,J
2025-06-01,marina,activity_proxy,paid_sessions,36857.0,false,J
2025-06-01,marina,activity_proxy,parking_meters_reporting,198.0,false,J
2025-06-01,marina,activity_proxy,parking_revenue_usd,148013.19999999987,false,J
2025-07-01,city_center,activity_proxy,paid_sessions,37945.0,false,J
2025-07-01,city_center,activity_proxy,parking_meters_reporting,302.0,false,J
2025-07-01,city_center,activity_proxy,parking_revenue_usd,84741.18999999997,false,J
2025-07-01,columbia,activity_proxy,paid_sessions,19345.0,false,J
2025-07-01,columbia,activity_proxy,parking_meters_reporting,103.0,false,J
2025-07-01,columbia,activity_proxy,parking_revenue_usd,50834.119999999995,false,J
2025-07-01,cortez,activity_proxy,paid_sessions,37109.0,false,J
2025-07-01,cortez,activity_proxy,parking_meters_reporting,417.0,false,J
2025-07-01,cortez,activity_proxy,parking_revenue_usd,89217.7299999999,false,J
2025-07-01,east_village,activity_proxy,paid_sessions,94108.0,false,J
2025-07-01,east_village,activity_proxy,parking_meters_reporting,820.0,false,J
2025-07-01,east_village,activity_proxy,parking_revenue_usd,273330.82999999967,false,J
2025-07-01,gaslamp,activity_proxy,paid_sessions,32481.0,false,J
2025-07-01,gaslamp,activity_proxy,parking_meters_reporting,199.0,false,J
2025-07-01,gaslamp,activity_proxy,parking_revenue_usd,86710.56999999986,false,J
2025-07-01,marina,activity_proxy,paid_sessions,39611.0,false,J
2025-07-01,marina,activity_proxy,parking_meters_reporting,200.0,false,J
2025-07-01,marina,activity_proxy,parking_revenue_usd,163709.05999999994,false,J
2025-08-01,city_center,activity_proxy,paid_sessions,36024.0,false,J
2025-08-01,city_center,activity_proxy,parking_meters_reporting,294.0,false,J
2025-08-01,city_center,activity_proxy,parking_revenue_usd,81456.39000000001,false,J
2025-08-01,columbia,activity_proxy,paid_sessions,18805.0,false,J
2025-08-01,columbia,activity_proxy,parking_meters_reporting,103.0,false,J
2025-08-01,columbia,activity_proxy,parking_revenue_usd,50645.91000000001,false,J
2025-08-01,cortez,activity_proxy,paid_sessions,36526.0,false,J
2025-08-01,cortez,activity_proxy,parking_meters_reporting,419.0,false,J
2025-08-01,cortez,activity_proxy,parking_revenue_usd,88329.13999999997,false,J
2025-08-01,east_village,activity_proxy,paid_sessions,91696.0,false,J
2025-08-01,east_village,activity_proxy,parking_meters_reporting,813.0,false,J
2025-08-01,east_village,activity_proxy,parking_revenue_usd,262165.3399999996,false,J
2025-08-01,gaslamp,activity_proxy,paid_sessions,41953.0,false,J
2025-08-01,gaslamp,activity_proxy,parking_meters_reporting,202.0,false,J
2025-08-01,gaslamp,activity_proxy,parking_revenue_usd,118901.97999999992,false,J
2025-08-01,marina,activity_proxy,paid_sessions,36579.0,false,J
2025-08-01,marina,activity_proxy,parking_meters_reporting,199.0,false,J
2025-08-01,marina,activity_proxy,parking_revenue_usd,148267.80999999985,false,J
2025-09-01,city_center,activity_proxy,paid_sessions,34102.0,false,J
2025-09-01,city_center,activity_proxy,parking_meters_reporting,299.0,false,J
2025-09-01,city_center,activity_proxy,parking_revenue_usd,91697.93999999986,false,J
2025-09-01,columbia,activity_proxy,paid_sessions,17855.0,false,J
2025-09-01,columbia,activity_proxy,parking_meters_reporting,103.0,false,J
2025-09-01,columbia,activity_proxy,parking_revenue_usd,47358.97999999999,false,J
2025-09-01,cortez,activity_proxy,paid_sessions,36958.0,false,J
2025-09-01,cortez,activity_proxy,parking_meters_reporting,419.0,false,J
2025-09-01,cortez,activity_proxy,parking_revenue_usd,92761.09999999993,false,J
2025-09-01,east_village,activity_proxy,paid_sessions,83860.0,false,J
2025-09-01,east_village,activity_proxy,parking_meters_reporting,804.0,false,J
2025-09-01,east_village,activity_proxy,parking_revenue_usd,414471.7900000006,false,J
2025-09-01,gaslamp,activity_proxy,paid_sessions,37281.0,false,J
2025-09-01,gaslamp,activity_proxy,parking_meters_reporting,199.0,false,J
2025-09-01,gaslamp,activity_proxy,parking_revenue_usd,173498.46999999997,false,J
2025-09-01,marina,activity_proxy,paid_sessions,33623.0,false,J
2025-09-01,marina,activity_proxy,parking_meters_reporting,195.0,false,J
2025-09-01,marina,activity_proxy,parking_revenue_usd,178102.5499999999,false,J
2025-10-01,city_center,activity_proxy,paid_sessions,34640.0,false,J
2025-10-01,city_center,activity_proxy,parking_meters_reporting,292.0,false,J
2025-10-01,city_center,activity_proxy,parking_revenue_usd,79415.08999999992,false,J
2025-10-01,columbia,activity_proxy,paid_sessions,18380.0,false,J
2025-10-01,columbia,activity_proxy,parking_meters_reporting,102.0,false,J
2025-10-01,columbia,activity_proxy,parking_revenue_usd,48511.439999999966,false,J
2025-10-01,cortez,activity_proxy,paid_sessions,37956.0,false,J
2025-10-01,cortez,activity_proxy,parking_meters_reporting,419.0,false,J
2025-10-01,cortez,activity_proxy,parking_revenue_usd,98969.81999999998,false,J
2025-10-01,east_village,activity_proxy,paid_sessions,89854.0,false,J
2025-10-01,east_village,activity_proxy,parking_meters_reporting,813.0,false,J
2025-10-01,east_village,activity_proxy,parking_revenue_usd,247847.73999999967,false,J
2025-10-01,gaslamp,activity_proxy,paid_sessions,39612.0,false,J
2025-10-01,gaslamp,activity_proxy,parking_meters_reporting,192.0,false,J
2025-10-01,gaslamp,activity_proxy,parking_revenue_usd,109390.8099999998,false,J
2025-10-01,marina,activity_proxy,paid_sessions,37937.0,false,J
2025-10-01,marina,activity_proxy,parking_meters_reporting,193.0,false,J
2025-10-01,marina,activity_proxy,parking_revenue_usd,150976.76999999987,false,J
2025-11-01,city_center,activity_proxy,paid_sessions,26383.0,false,J
2025-11-01,city_center,activity_proxy,parking_meters_reporting,279.0,false,J
2025-11-01,city_center,activity_proxy,parking_revenue_usd,67910.89000000004,false,J
2025-11-01,columbia,activity_proxy,paid_sessions,14235.0,false,J
2025-11-01,columbia,activity_proxy,parking_meters_reporting,97.0,false,J
2025-11-01,columbia,activity_proxy,parking_revenue_usd,41368.67000000001,false,J
2025-11-01,cortez,activity_proxy,paid_sessions,26432.0,false,J
2025-11-01,cortez,activity_proxy,parking_meters_reporting,415.0,false,J
2025-11-01,cortez,activity_proxy,parking_revenue_usd,74719.54000000027,false,J
2025-11-01,east_village,activity_proxy,paid_sessions,74246.0,false,J
2025-11-01,east_village,activity_proxy,parking_meters_reporting,812.0,false,J
2025-11-01,east_village,activity_proxy,parking_revenue_usd,254415.54999999877,false,J
2025-11-01,gaslamp,activity_proxy,paid_sessions,32158.0,false,J
2025-11-01,gaslamp,activity_proxy,parking_meters_reporting,189.0,false,J
2025-11-01,gaslamp,activity_proxy,parking_revenue_usd,107151.69,false,J
2025-11-01,marina,activity_proxy,paid_sessions,29186.0,false,J
2025-11-01,marina,activity_proxy,parking_meters_reporting,184.0,false,J
2025-11-01,marina,activity_proxy,parking_revenue_usd,142025.16999999995,false,J
2025-12-01,city_center,activity_proxy,paid_sessions,29605.0,false,J
2025-12-01,city_center,activity_proxy,parking_meters_reporting,269.0,false,J
2025-12-01,city_center,activity_proxy,parking_revenue_usd,77271.2800000001,false,J
2025-12-01,columbia,activity_proxy,paid_sessions,16317.0,false,J
2025-12-01,columbia,activity_proxy,parking_meters_reporting,94.0,false,J
2025-12-01,columbia,activity_proxy,parking_revenue_usd,48124.13000000002,false,J
2025-12-01,cortez,activity_proxy,paid_sessions,28118.0,false,J
2025-12-01,cortez,activity_proxy,parking_meters_reporting,387.0,false,J
2025-12-01,cortez,activity_proxy,parking_revenue_usd,79320.65000000027,false,J
2025-12-01,east_village,activity_proxy,paid_sessions,86582.0,false,J
2025-12-01,east_village,activity_proxy,parking_meters_reporting,763.0,false,J
2025-12-01,east_village,activity_proxy,parking_revenue_usd,290590.2299999989,false,J
2025-12-01,gaslamp,activity_proxy,paid_sessions,35001.0,false,J
2025-12-01,gaslamp,activity_proxy,parking_meters_reporting,174.0,false,J
2025-12-01,gaslamp,activity_proxy,parking_revenue_usd,119060.31000000013,false,J
2025-12-01,marina,activity_proxy,paid_sessions,32376.0,false,J
2025-12-01,marina,activity_proxy,parking_meters_reporting,172.0,false,J
2025-12-01,marina,activity_proxy,parking_revenue_usd,154300.33000000005,false,J
2026-01-01,city_center,activity_proxy,paid_sessions,26505.0,false,J
2026-01-01,city_center,activity_proxy,parking_meters_reporting,232.0,false,J
2026-01-01,city_center,activity_proxy,parking_revenue_usd,71947.93999999996,false,J
2026-01-01,columbia,activity_proxy,paid_sessions,15851.0,false,J
2026-01-01,columbia,activity_proxy,parking_meters_reporting,94.0,false,J
2026-01-01,columbia,activity_proxy,parking_revenue_usd,47725.8,false,J
2026-01-01,cortez,activity_proxy,paid_sessions,24549.0,false,J
2026-01-01,cortez,activity_proxy,parking_meters_reporting,347.0,false,J
2026-01-01,cortez,activity_proxy,parking_revenue_usd,71693.29000000014,false,J
2026-01-01,east_village,activity_proxy,paid_sessions,78256.0,false,J
2026-01-01,east_village,activity_proxy,parking_meters_reporting,680.0,false,J
2026-01-01,east_village,activity_proxy,parking_revenue_usd,277280.8299999989,false,J
2026-01-01,gaslamp,activity_proxy,paid_sessions,34560.0,false,J
2026-01-01,gaslamp,activity_proxy,parking_meters_reporting,174.0,false,J
2026-01-01,gaslamp,activity_proxy,parking_revenue_usd,124234.45999999993,false,J
2026-01-01,marina,activity_proxy,paid_sessions,31955.0,false,J
2026-01-01,marina,activity_proxy,parking_meters_reporting,165.0,false,J
2026-01-01,marina,activity_proxy,parking_revenue_usd,151635.17,false,J
2026-02-01,city_center,activity_proxy,paid_sessions,25543.0,false,J
2026-02-01,city_center,activity_proxy,parking_meters_reporting,261.0,false,J
2026-02-01,city_center,activity_proxy,parking_revenue_usd,69363.49999999999,false,J
2026-02-01,columbia,activity_proxy,paid_sessions,14789.0,false,J
2026-02-01,columbia,activity_proxy,parking_meters_reporting,92.0,false,J
2026-02-01,columbia,activity_proxy,parking_revenue_usd,45026.32999999998,false,J
2026-02-01,cortez,activity_proxy,paid_sessions,24999.0,false,J
2026-02-01,cortez,activity_proxy,parking_meters_reporting,368.0,false,J
2026-02-01,cortez,activity_proxy,parking_revenue_usd,74656.02000000015,false,J
2026-02-01,east_village,activity_proxy,paid_sessions,74872.0,false,J
2026-02-01,east_village,activity_proxy,parking_meters_reporting,750.0,false,J
2026-02-01,east_village,activity_proxy,parking_revenue_usd,236415.99999999968,false,J
2026-02-01,gaslamp,activity_proxy,paid_sessions,33310.0,false,J
2026-02-01,gaslamp,activity_proxy,parking_meters_reporting,178.0,false,J
2026-02-01,gaslamp,activity_proxy,parking_revenue_usd,105340.64999999994,false,J
2026-02-01,marina,activity_proxy,paid_sessions,30291.0,false,J
2026-02-01,marina,activity_proxy,parking_meters_reporting,174.0,false,J
2026-02-01,marina,activity_proxy,parking_revenue_usd,135995.16999999998,false,J
2026-03-01,city_center,activity_proxy,paid_sessions,30482.0,false,J
2026-03-01,city_center,activity_proxy,parking_meters_reporting,254.0,false,J
2026-03-01,city_center,activity_proxy,parking_revenue_usd,84142.2399999999,false,J
2026-03-01,columbia,activity_proxy,paid_sessions,16152.0,false,J
2026-03-01,columbia,activity_proxy,parking_meters_reporting,89.0,false,J
2026-03-01,columbia,activity_proxy,parking_revenue_usd,49262.51000000004,false,J
2026-03-01,cortez,activity_proxy,paid_sessions,27655.0,false,J
2026-03-01,cortez,activity_proxy,parking_meters_reporting,353.0,false,J
2026-03-01,cortez,activity_proxy,parking_revenue_usd,83762.50000000003,false,J
2026-03-01,east_village,activity_proxy,paid_sessions,87686.0,false,J
2026-03-01,east_village,activity_proxy,parking_meters_reporting,771.0,false,J
2026-03-01,east_village,activity_proxy,parking_revenue_usd,340522.75000000023,false,J
2026-03-01,gaslamp,activity_proxy,paid_sessions,35331.0,false,J
2026-03-01,gaslamp,activity_proxy,parking_meters_reporting,168.0,false,J
2026-03-01,gaslamp,activity_proxy,parking_revenue_usd,136773.61000000013,false,J
2026-03-01,marina,activity_proxy,paid_sessions,31748.0,false,J
2026-03-01,marina,activity_proxy,parking_meters_reporting,158.0,false,J
2026-03-01,marina,activity_proxy,parking_revenue_usd,161624.36000000004,false,J
2026-04-01,city_center,activity_proxy,paid_sessions,30830.0,false,J
2026-04-01,city_center,activity_proxy,parking_meters_reporting,273.0,false,J
2026-04-01,city_center,activity_proxy,parking_revenue_usd,89589.3599999999,false,J
2026-04-01,columbia,activity_proxy,paid_sessions,16542.0,false,J
2026-04-01,columbia,activity_proxy,parking_meters_reporting,93.0,false,J
2026-04-01,columbia,activity_proxy,parking_revenue_usd,52023.18999999999,false,J
2026-04-01,cortez,activity_proxy,paid_sessions,29110.0,false,J
2026-04-01,cortez,activity_proxy,parking_meters_reporting,350.0,false,J
2026-04-01,cortez,activity_proxy,parking_revenue_usd,85846.67000000022,false,J
2026-04-01,east_village,activity_proxy,paid_sessions,90665.0,false,J
2026-04-01,east_village,activity_proxy,parking_meters_reporting,823.0,false,J
2026-04-01,east_village,activity_proxy,parking_revenue_usd,394572.3899999998,false,J
2026-04-01,gaslamp,activity_proxy,paid_sessions,36861.0,false,J
2026-04-01,gaslamp,activity_proxy,parking_meters_reporting,180.0,false,J
2026-04-01,gaslamp,activity_proxy,parking_revenue_usd,159543.31000000026,false,J
2026-04-01,marina,activity_proxy,paid_sessions,32148.0,false,J
2026-04-01,marina,activity_proxy,parking_meters_reporting,161.0,false,J
2026-04-01,marina,activity_proxy,parking_revenue_usd,179354.4100000002,false,J
2026-05-01,city_center,activity_proxy,paid_sessions,31551.0,false,J
2026-05-01,city_center,activity_proxy,parking_meters_reporting,262.0,false,J
2026-05-01,city_center,activity_proxy,parking_revenue_usd,94804.83000000016,false,J
2026-05-01,columbia,activity_proxy,paid_sessions,15821.0,false,J
2026-05-01,columbia,activity_proxy,parking_meters_reporting,93.0,false,J
2026-05-01,columbia,activity_proxy,parking_revenue_usd,47279.62000000001,false,J
2026-05-01,cortez,activity_proxy,paid_sessions,28371.0,false,J
2026-05-01,cortez,activity_proxy,parking_meters_reporting,366.0,false,J
2026-05-01,cortez,activity_proxy,parking_revenue_usd,80340.20000000016,false,J
2026-05-01,east_village,activity_proxy,paid_sessions,93350.0,false,J
2026-05-01,east_village,activity_proxy,parking_meters_reporting,823.0,false,J
2026-05-01,east_village,activity_proxy,parking_revenue_usd,450607.93000000046,false,J
2026-05-01,gaslamp,activity_proxy,paid_sessions,39270.0,false,J
2026-05-01,gaslamp,activity_proxy,parking_meters_reporting,183.0,false,J
2026-05-01,gaslamp,activity_proxy,parking_revenue_usd,185051.53999999992,false,J
2026-05-01,marina,activity_proxy,paid_sessions,33192.0,false,J
2026-05-01,marina,activity_proxy,parking_meters_reporting,171.0,false,J
2026-05-01,marina,activity_proxy,parking_revenue_usd,190359.11999999988,false,J
2026-06-01,city_center,activity_proxy,paid_sessions,33781.0,false,J
2026-06-01,city_center,activity_proxy,parking_meters_reporting,296.0,false,J
2026-06-01,city_center,activity_proxy,parking_revenue_usd,100641.7099999999,false,J
2026-06-01,columbia,activity_proxy,paid_sessions,17376.0,false,J
2026-06-01,columbia,activity_proxy,parking_meters_reporting,99.0,false,J
2026-06-01,columbia,activity_proxy,parking_revenue_usd,51312.86000000006,false,J
2026-06-01,cortez,activity_proxy,paid_sessions,29942.0,false,J
2026-06-01,cortez,activity_proxy,parking_meters_reporting,415.0,false,J
2026-06-01,cortez,activity_proxy,parking_revenue_usd,83499.64000000022,false,J
2026-06-01,east_village,activity_proxy,paid_sessions,99815.0,false,J
2026-06-01,east_village,activity_proxy,parking_meters_reporting,858.0,false,J
2026-06-01,east_village,activity_proxy,parking_revenue_usd,466451.24000000034,false,J
2026-06-01,gaslamp,activity_proxy,paid_sessions,40942.0,false,J
2026-06-01,gaslamp,activity_proxy,parking_meters_reporting,199.0,false,J
2026-06-01,gaslamp,activity_proxy,parking_revenue_usd,187382.48000000019,false,J
2026-06-01,marina,activity_proxy,paid_sessions,35845.0,false,J
2026-06-01,marina,activity_proxy,parking_meters_reporting,192.0,false,J
2026-06-01,marina,activity_proxy,parking_revenue_usd,200750.82999999973,false,J
2026-07-01,city_center,activity_proxy,paid_sessions,36627.0,false,J
2026-07-01,city_center,activity_proxy,parking_meters_reporting,299.0,false,J
2026-07-01,city_center,activity_proxy,parking_revenue_usd,103263.3400000001,false,J
2026-07-01,columbia,activity_proxy,paid_sessions,17940.0,false,J
2026-07-01,columbia,activity_proxy,parking_meters_reporting,100.0,false,J
2026-07-01,columbia,activity_proxy,parking_revenue_usd,53435.37999999999,false,J
2026-07-01,cortez,activity_proxy,paid_sessions,32772.0,false,J
2026-07-01,cortez,activity_proxy,parking_meters_reporting,418.0,false,J
2026-07-01,cortez,activity_proxy,parking_revenue_usd,92863.11999999984,false,J
2026-07-01,east_village,activity_proxy,paid_sessions,104441.0,false,J
2026-07-01,east_village,activity_proxy,parking_meters_reporting,862.0,false,J
2026-07-01,east_village,activity_proxy,parking_revenue_usd,440172.60000000056,false,J
2026-07-01,gaslamp,activity_proxy,paid_sessions,39549.0,false,J
2026-07-01,gaslamp,activity_proxy,parking_meters_reporting,189.0,false,J
2026-07-01,gaslamp,activity_proxy,parking_revenue_usd,170894.49000000002,false,J
2026-07-01,marina,activity_proxy,paid_sessions,38033.0,false,J
2026-07-01,marina,activity_proxy,parking_meters_reporting,191.0,false,J
2026-07-01,marina,activity_proxy,parking_revenue_usd,205221.27000000016,false,J
2026-08-01,city_center,activity_proxy,paid_sessions,23931.0,false,J
2026-08-01,city_center,activity_proxy,parking_meters_reporting,290.0,false,J
2026-08-01,city_center,activity_proxy,parking_revenue_usd,69354.70999999996,false,J
2026-08-01,columbia,activity_proxy,paid_sessions,11876.0,false,J
2026-08-01,columbia,activity_proxy,parking_meters_reporting,99.0,false,J
2026-08-01,columbia,activity_proxy,parking_revenue_usd,35432.969999999994,false,J
2026-08-01,cortez,activity_proxy,paid_sessions,21046.0,false,J
2026-08-01,cortez,activity_proxy,parking_meters_reporting,416.0,false,J
2026-08-01,cortez,activity_proxy,parking_revenue_usd,60061.550000000105,false,J
2026-08-01,east_village,activity_proxy,paid_sessions,66554.0,false,J
2026-08-01,east_village,activity_proxy,parking_meters_reporting,847.0,false,J
2026-08-01,east_village,activity_proxy,parking_revenue_usd,309888.57999999943,false,J
2026-08-01,gaslamp,activity_proxy,paid_sessions,25709.0,false,J
2026-08-01,gaslamp,activity_proxy,parking_meters_reporting,183.0,false,J
2026-08-01,gaslamp,activity_proxy,parking_revenue_usd,118289.16,false,J
2026-08-01,marina,activity_proxy,paid_sessions,23151.0,false,J
2026-08-01,marina,activity_proxy,parking_meters_reporting,176.0,false,J
2026-08-01,marina,activity_proxy,parking_revenue_usd,129340.10000000008,false,J
