block_id,neighborhood_source,area,lon,lat,st_north,st_east,st_south,st_west
08TH_AV_DATE_ST,Cortez,Cortez,-117.1579578,32.7224837,DATE_ST,08TH_AV,CEDAR_ST,07TH_AV
07TH_AV_CEDAR_ST,Cortez,Cortez,-117.1588533,32.7214614,CEDAR_ST,07TH_AV,BEECH_ST,06TH_AV
07TH_AV_I-5_SB,Cortez,Cortez,-117.1588123,32.7224379,I-5_SB,07TH_AV,CEDAR_ST,06TH_AV
02ND_AV_I-5_SB,Cortez,Cortez,-117.1634219,32.7225051,I-5_SB,02ND_AV,CEDAR_ST,01ST_AV
03RD_AV_CEDAR_ST,Cortez,Cortez,-117.1624937,32.7214529,CEDAR_ST,03RD_AV,BEECH_ST,02ND_AV
03RD_AV_I-5_SB,Cortez,Cortez,-117.1625336,32.7223266,I-5_SB,03RD_AV,CEDAR_ST,02ND_AV
02ND_AV_CEDAR_ST,Cortez,Cortez,-117.1634179,32.7214684,CEDAR_ST,02ND_AV,BEECH_ST,01ST_AV
06TH_AV_CEDAR_ST,Cortez,Cortez,-117.1597531,32.7214606,CEDAR_ST,06TH_AV,BEECH_ST,05TH_AV
06TH_AV_I-5_SB,Cortez,Cortez,-117.1597543,32.722368,I-5_SB,06TH_AV,CEDAR_ST,05TH_AV
05TH_AV_CEDAR_ST,Cortez,Cortez,-117.1606714,32.7214611,CEDAR_ST,05TH_AV,BEECH_ST,04TH_AV
06TH_AV_BEECH_ST,Cortez,Cortez,-117.1597464,32.7204162,BEECH_ST,06TH_AV,ASH_ST,05TH_AV
05TH_AV_BEECH_ST,Cortez,Cortez,-117.1606585,32.7204177,BEECH_ST,05TH_AV,ASH_ST,04TH_AV
04TH_AV_CEDAR_ST,Cortez,Cortez,-117.1615802,32.7214559,CEDAR_ST,04TH_AV,BEECH_ST,03RD_AV
04TH_AV_I-5_SB,Cortez,Cortez,-117.1616025,32.7222703,I-5_SB,04TH_AV,CEDAR_ST,03RD_AV
03RD_AV_BEECH_ST,Cortez,Cortez,-117.1624858,32.7204129,BEECH_ST,03RD_AV,ASH_ST,02ND_AV
02ND_AV_BEECH_ST,Cortez,Cortez,-117.1633936,32.7204076,BEECH_ST,02ND_AV,ASH_ST,01ST_AV
03RD_AV_ASH_ST,Cortez,Cortez,-117.162472,32.7193651,ASH_ST,03RD_AV,A_ST,02ND_AV
07TH_AV_BEECH_ST,Cortez,Cortez,-117.1588194,32.7204099,BEECH_ST,07TH_AV,ASH_ST,06TH_AV
09TH_AV_DATE_ST,Cortez,Cortez,-117.1570188,32.722482,DATE_ST,09TH_AV,CEDAR_ST,08TH_AV
01ST_AV_I-5_SB,Cortez,Cortez,-117.1643142,32.7227731,I-5_SB,01ST_AV,W_CEDAR_ST,FRONT_ST
SR-163_NB_ON_RA_ASH_ST,Cortez,Cortez,-117.1552592,32.7193915,ASH_ST,SR-163_NB_ON_RA,A_ST,10TH_AV
10TH_AV_ASH_ST,Cortez,Cortez,-117.156102,32.7193903,ASH_ST,10TH_AV,A_ST,09TH_AV
05TH_AV_I-5_SB,Cortez,Cortez,-117.1606357,32.7222727,I-5_SB,05TH_AV,CEDAR_ST,04TH_AV
02ND_AV_ASH_ST,Cortez,Cortez,-117.1634028,32.7193655,ASH_ST,02ND_AV,A_ST,01ST_AV
01ST_AV_W_ASH_ST,Cortez,Cortez,-117.1642985,32.7193598,W_ASH_ST,01ST_AV,W_A_ST,FRONT_ST
10TH_AV_DATE_ST,Cortez,Cortez,-117.1561138,32.7224867,DATE_ST,10TH_AV,CEDAR_ST,09TH_AV
10TH_AV_CEDAR_ST,Cortez,Cortez,-117.1561651,32.7214876,CEDAR_ST,10TH_AV,BEECH_ST,09TH_AV
09TH_AV_CEDAR_ST,Cortez,Cortez,-117.1570136,32.7214682,CEDAR_ST,09TH_AV,BEECH_ST,08TH_AV
10TH_AV_BEECH_ST,Cortez,Cortez,-117.1561276,32.7204857,BEECH_ST,10TH_AV,SR-163_SB_OFF_RA,09TH_AV
04TH_AV_BEECH_ST,Cortez,Cortez,-117.1615763,32.7204154,BEECH_ST,04TH_AV,ASH_ST,03RD_AV
04TH_AV_ASH_ST,Cortez,Cortez,-117.1615803,32.719375,ASH_ST,04TH_AV,A_ST,03RD_AV
07TH_AV_ASH_ST,Cortez,Cortez,-117.158832,32.7193765,ASH_ST,07TH_AV,A_ST,06TH_AV
09TH_AV_BEECH_ST,Cortez,Cortez,-117.1570225,32.7204252,BEECH_ST,09TH_AV,ASH_ST,08TH_AV
08TH_AV_BEECH_ST,Cortez,Cortez,-117.1579315,32.7204208,BEECH_ST,08TH_AV,ASH_ST,07TH_AV
PARK_BL_RUSS_BL,City Center,City Center,-117.1542576,32.7191273,RUSS_BL,PARK_BL,A_ST,11TH_AV
05TH_AV_ASH_ST,Cortez,Cortez,-117.1606493,32.7193752,ASH_ST,05TH_AV,A_ST,04TH_AV
FRONT_ST_W_ASH_ST,Cortez,Cortez,-117.1651687,32.7193522,W_ASH_ST,FRONT_ST,W_A_ST,UNION_ST
08TH_AV_CEDAR_ST,Cortez,Cortez,-117.1579206,32.7214624,CEDAR_ST,08TH_AV,BEECH_ST,07TH_AV
08TH_AV_ASH_ST,Cortez,Cortez,-117.1579077,32.7193799,ASH_ST,08TH_AV,A_ST,07TH_AV
01ST_AV_W_CEDAR_ST,Cortez,Cortez,-117.1643624,32.7214641,W_CEDAR_ST,01ST_AV,W_BEECH_ST,FRONT_ST
06TH_AV_ASH_ST,Cortez,Cortez,-117.159752,32.7193801,ASH_ST,06TH_AV,A_ST,05TH_AV
01ST_AV_W_BEECH_ST,Cortez,Cortez,-117.1643077,32.7204067,W_BEECH_ST,01ST_AV,W_ASH_ST,FRONT_ST
09TH_AV_ASH_ST,Cortez,Cortez,-117.1569963,32.7193836,ASH_ST,09TH_AV,A_ST,08TH_AV
03RD_AV_J_ST,Marina,Marina,-117.1623282,32.7084097,J_ST,03RD_AV,HARBOR_DR,01ST_AV
04TH_AV_J_ST,Marina,Marina,-117.1614727,32.7088488,J_ST,04TH_AV,K_ST,03RD_AV
05TH_AV_MARKET_ST,Gaslamp,Gaslamp,-117.1605705,32.710951,MARKET_ST,05TH_AV,ISLAND_AV,04TH_AV
04TH_AV_MARKET_ST,Marina,Marina,-117.1614943,32.7109505,MARKET_ST,04TH_AV,ISLAND_AV,03RD_AV
05TH_AV_ISLAND_AV,Gaslamp,Gaslamp,-117.1605805,32.709901,ISLAND_AV,05TH_AV,J_ST,04TH_AV
04TH_AV_ISLAND_AV,Marina,Marina,-117.1614691,32.7098934,ISLAND_AV,04TH_AV,J_ST,03RD_AV
06TH_AV_ISLAND_AV,Gaslamp,Gaslamp,-117.1596516,32.7099052,ISLAND_AV,06TH_AV,J_ST,05TH_AV
05TH_AV_J_ST,Gaslamp,Gaslamp,-117.160541,32.7088473,J_ST,05TH_AV,K_ST,04TH_AV
05TH_AV_G_ST,Gaslamp,Gaslamp,-117.1605939,32.7120267,G_ST,05TH_AV,MARKET_ST,04TH_AV
04TH_AV_G_ST,Marina,Marina,-117.1615051,32.7120166,G_ST,04TH_AV,MARKET_ST,03RD_AV
05TH_AV_E_ST,Gaslamp,Gaslamp,-117.1606053,32.7141324,E_ST,05TH_AV,F_ST,04TH_AV
04TH_AV_BROADWAY,City Center,City Center,-117.1624468,32.7140043,BROADWAY,04TH_AV,G_ST,01ST_AV
06TH_AV_J_ST,Gaslamp,Gaslamp,-117.159649,32.7088562,J_ST,06TH_AV,K_ST,05TH_AV
05TH_AV_K_ST,Gaslamp,Gaslamp,-117.1604955,32.7077649,K_ST,05TH_AV,Map_Border,04TH_AV
06TH_AV_MARKET_ST,Gaslamp,Gaslamp,-117.1596713,32.7109659,MARKET_ST,06TH_AV,ISLAND_AV,05TH_AV
06TH_AV_BROADWAY,Gaslamp,Gaslamp,-117.1597059,32.7151784,BROADWAY,06TH_AV,E_ST,05TH_AV
06TH_AV_C_ST,City Center,City Center,-117.1597014,32.7162296,C_ST,06TH_AV,BROADWAY,05TH_AV
07TH_AV_BROADWAY,City Center,City Center,-117.158807,32.7151884,BROADWAY,07TH_AV,E_ST,06TH_AV
07TH_AV_C_ST,City Center,City Center,-117.1588143,32.7162388,C_ST,07TH_AV,BROADWAY,06TH_AV
05TH_AV_BROADWAY,Gaslamp,Gaslamp,-117.1606163,32.7151718,BROADWAY,05TH_AV,E_ST,04TH_AV
05TH_AV_C_ST,City Center,City Center,-117.1606236,32.7162302,C_ST,05TH_AV,BROADWAY,04TH_AV
06TH_AV_L_ST,Gaslamp,Gaslamp,-117.1597181,32.7068019,L_ST,06TH_AV,HARBOR_DR,05TH_AV
07TH_AV_ISLAND_AV,South East Village,East Village,-117.1587482,32.7099117,ISLAND_AV,07TH_AV,J_ST,06TH_AV
06TH_AV_K_ST,Gaslamp,Gaslamp,-117.1596315,32.7077977,K_ST,06TH_AV,L_ST,05TH_AV
TONY_GWYNN_DR_K_ST,South East Village,East Village,-117.1587374,32.7078133,K_ST,TONY_GWYNN_DR,L_ST,06TH_AV
07TH_AV_J_ST,South East Village,East Village,-117.1587426,32.7088603,J_ST,07TH_AV,K_ST,06TH_AV
06TH_AV_E_ST,Gaslamp,Gaslamp,-117.1596919,32.7141385,E_ST,06TH_AV,F_ST,05TH_AV
07TH_AV_E_ST,East Village,East Village,-117.1587996,32.7141496,E_ST,07TH_AV,F_ST,06TH_AV
TONY_GWYNN_DR_L_ST,South East Village,East Village,-117.1583317,32.7061663,L_ST,TONY_GWYNN_DR,PARK_BL,HARBOR_DR
05TH_AV_F_ST,Gaslamp,Gaslamp,-117.1605939,32.7130875,F_ST,05TH_AV,G_ST,04TH_AV
06TH_AV_F_ST,Gaslamp,Gaslamp,-117.1596933,32.713099,F_ST,06TH_AV,G_ST,05TH_AV
07TH_AV_MARKET_ST,South East Village,East Village,-117.1587475,32.7109631,MARKET_ST,07TH_AV,ISLAND_AV,06TH_AV
06TH_AV_G_ST,Gaslamp,Gaslamp,-117.1596875,32.7120348,G_ST,06TH_AV,MARKET_ST,05TH_AV
07TH_AV_G_ST,East Village,East Village,-117.1587796,32.7120424,G_ST,07TH_AV,MARKET_ST,06TH_AV
07TH_AV_F_ST,East Village,East Village,-117.1587686,32.7130998,F_ST,07TH_AV,G_ST,06TH_AV
22ND_ST_E_ST,Golden Hill,Outside Perimeter,-117.1444639,32.7142172,E_ST,22ND_ST,F_ST,21ST_ST
21ST_ST_E_ST,Golden Hill,Outside Perimeter,-117.1453569,32.7142517,E_ST,21ST_ST,F_ST,20TH_ST
25TH_ST_SR-94_WB,Golden Hill,Outside Perimeter,-117.1419995,32.713132,SR-94_WB,25TH_ST,SR-94_EB,22ND_ST
22ND_ST_BROADWAY,Golden Hill,Outside Perimeter,-117.1464733,32.7142189,BROADWAY,22ND_ST,I-5_SB_OFF_RA,I-5_NB
23RD_ST_E_ST,Golden Hill,Outside Perimeter,-117.1435701,32.7142204,E_ST,23RD_ST,F_ST,22ND_ST
27TH_ST_B_ST,Golden Hill,Outside Perimeter,-117.1371217,32.7173875,B_ST,27TH_ST,C_ST,26TH_ST
27TH_ST_A_ST,Golden Hill,Outside Perimeter,-117.1371302,32.7184356,A_ST,27TH_ST,B_ST,26TH_ST
28TH_ST_B_ST,Golden Hill,Outside Perimeter,-117.1349323,32.7173994,B_ST,28TH_ST,C_ST,27TH_ST
28TH_ST_A_ST,Golden Hill,Outside Perimeter,-117.1349655,32.7184471,A_ST,28TH_ST,B_ST,27TH_ST
28TH_ST_RUSS_BL,Golden Hill,Outside Perimeter,-117.134985,32.7192082,RUSS_BL,28TH_ST,A_ST,27TH_ST
22ND_ST_B_ST,Golden Hill,Outside Perimeter,-117.1444915,32.7173511,B_ST,22ND_ST,C_ST,21ST_ST
21ST_ST_B_ST,Golden Hill,Outside Perimeter,-117.1453824,32.7173432,B_ST,21ST_ST,C_ST,20TH_ST
19TH_ST_I-5_SB_OFF_RA,Golden Hill,Outside Perimeter,-117.1472282,32.7175296,I-5_SB_OFF_RA,19TH_ST,BROADWAY,I-5_NB
21ST_ST_RUSS_BL,Golden Hill,Outside Perimeter,-117.1452507,32.7187746,RUSS_BL,21ST_ST,B_ST,I-5_NB_OFF_RA
22ND_ST_C_ST,Golden Hill,Outside Perimeter,-117.1444968,32.7163093,C_ST,22ND_ST,BROADWAY,21ST_ST
21ST_ST_C_ST,Golden Hill,Outside Perimeter,-117.1453954,32.7162995,C_ST,21ST_ST,BROADWAY,20TH_ST
20TH_ST_C_ST,Golden Hill,Outside Perimeter,-117.1462957,32.7162925,C_ST,20TH_ST,BROADWAY,19TH_ST
20TH_ST_B_ST,Golden Hill,Outside Perimeter,-117.1463063,32.7173415,B_ST,20TH_ST,C_ST,19TH_ST
20TH_ST_BROADWAY,Golden Hill,Outside Perimeter,-117.1462671,32.7152465,BROADWAY,20TH_ST,E_ST,19TH_ST
24TH_ST_E_ST,Golden Hill,Outside Perimeter,-117.1428047,32.7142245,E_ST,24TH_ST,F_ST,23RD_ST
26TH_ST_E_ST,Golden Hill,Outside Perimeter,-117.139224,32.7142467,E_ST,26TH_ST,F_ST,25TH_ST
25TH_ST_E_ST,Golden Hill,Outside Perimeter,-117.14136,32.7142315,E_ST,25TH_ST,F_ST,24TH_ST
27TH_ST_E_ST,Golden Hill,Outside Perimeter,-117.1370976,32.7142269,E_ST,27TH_ST,F_ST,26TH_ST
27TH_ST_BROADWAY,Golden Hill,Outside Perimeter,-117.1371187,32.7152998,BROADWAY,27TH_ST,E_ST,26TH_ST
28TH_ST_E_ST,Golden Hill,Outside Perimeter,-117.1349129,32.714698,E_ST,28TH_ST,TREAT_ST,27TH_ST
26TH_ST_RUSS_BL,Golden Hill,Outside Perimeter,-117.1392609,32.7192067,RUSS_BL,26TH_ST,A_ST,25TH_ST
23RD_ST_C_ST,Golden Hill,Outside Perimeter,-117.1435955,32.7163112,C_ST,23RD_ST,BROADWAY,22ND_ST
24TH_ST_B_ST,Golden Hill,Outside Perimeter,-117.142808,32.7173536,B_ST,24TH_ST,C_ST,23RD_ST
24TH_ST_A_ST,Golden Hill,Outside Perimeter,-117.1428447,32.7184077,A_ST,24TH_ST,B_ST,23RD_ST
25TH_ST_B_ST,Golden Hill,Outside Perimeter,-117.1413911,32.7173685,B_ST,25TH_ST,C_ST,24TH_ST
24TH_ST_C_ST,Golden Hill,Outside Perimeter,-117.1428216,32.7163136,C_ST,24TH_ST,BROADWAY,23RD_ST
26TH_ST_B_ST,Golden Hill,Outside Perimeter,-117.1392518,32.7173841,B_ST,26TH_ST,C_ST,25TH_ST
28TH_ST_C_ST,Golden Hill,Outside Perimeter,-117.1349234,32.7163562,C_ST,28TH_ST,BROADWAY,27TH_ST
25TH_ST_RUSS_BL,Golden Hill,Outside Perimeter,-117.1413996,32.7191888,RUSS_BL,25TH_ST,A_ST,24TH_ST
23RD_ST_B_ST,Golden Hill,Outside Perimeter,-117.143609,32.7173586,B_ST,23RD_ST,C_ST,22ND_ST
23RD_ST_A_ST,Golden Hill,Outside Perimeter,-117.1436063,32.7184017,A_ST,23RD_ST,B_ST,22ND_ST
22ND_ST_A_ST,Golden Hill,Outside Perimeter,-117.1444777,32.7184044,A_ST,22ND_ST,B_ST,21ST_ST
25TH_ST_A_ST,Golden Hill,Outside Perimeter,-117.1413938,32.7184121,A_ST,25TH_ST,B_ST,24TH_ST
26TH_ST_A_ST,Golden Hill,Outside Perimeter,-117.1392537,32.7184275,A_ST,26TH_ST,B_ST,25TH_ST
25TH_ST_C_ST,Golden Hill,Outside Perimeter,-117.1413835,32.7163238,C_ST,25TH_ST,BROADWAY,24TH_ST
26TH_ST_BROADWAY,Golden Hill,Outside Perimeter,-117.1392374,32.7152924,BROADWAY,26TH_ST,E_ST,25TH_ST
26TH_ST_C_ST,Golden Hill,Outside Perimeter,-117.1392365,32.7163365,C_ST,26TH_ST,BROADWAY,25TH_ST
21ST_ST_BROADWAY,Golden Hill,Outside Perimeter,-117.145393,32.715256,BROADWAY,21ST_ST,E_ST,20TH_ST
28TH_ST_TREAT_ST,Golden Hill,Outside Perimeter,-117.1349019,32.7138216,TREAT_ST,28TH_ST,SR-94_WB,27TH_ST
27TH_ST_RUSS_BL,Golden Hill,Outside Perimeter,-117.1371398,32.7192057,RUSS_BL,27TH_ST,A_ST,26TH_ST
25TH_ST_BROADWAY,Golden Hill,Outside Perimeter,-117.1413767,32.7152792,BROADWAY,25TH_ST,E_ST,24TH_ST
24TH_ST_BROADWAY,Golden Hill,Outside Perimeter,-117.1428252,32.7152716,BROADWAY,24TH_ST,E_ST,23RD_ST
22ND_ST_BROADWAY__2,Golden Hill,Outside Perimeter,-117.144457,32.7152563,BROADWAY,22ND_ST,E_ST,21ST_ST
28TH_ST_BROADWAY,Golden Hill,Outside Perimeter,-117.1349019,32.7154434,BROADWAY,28TH_ST,E_ST,27TH_ST
27TH_ST_C_ST,Golden Hill,Outside Perimeter,-117.1371181,32.7163436,C_ST,27TH_ST,BROADWAY,26TH_ST
20TH_ST_E_ST,Golden Hill,Outside Perimeter,-117.1462531,32.7144027,E_ST,20TH_ST,SR-94_RA,19TH_ST
23RD_ST_BROADWAY,Golden Hill,Outside Perimeter,-117.1435962,32.7152689,BROADWAY,23RD_ST,E_ST,22ND_ST
I-5_SB_ON_RA_BROADWAY,East Village,East Village,-117.1481113,32.7148705,BROADWAY,I-5_SB_ON_RA,F_ST,17TH_ST
02ND_AV_G_ST,Marina,Marina,-117.1633075,32.7120049,G_ST,02ND_AV,MARKET_ST,01ST_AV
01ST_AV_W_G_ST,Marina,Marina,-117.164258,32.7120086,W_G_ST,01ST_AV,W_MARKET_ST,FRONT_ST
01ST_AV_W_E_ST,City Center,City Center,-117.1642743,32.7141304,W_E_ST,01ST_AV,W_F_ST,FRONT_ST
FRONT_ST_W_E_ST,City Center,City Center,-117.1651413,32.7140973,W_E_ST,FRONT_ST,W_F_ST,UNION_ST
FRONT_ST_W_F_ST,Marina,Marina,-117.1651209,32.713051,W_F_ST,FRONT_ST,W_G_ST,UNION_ST
03RD_AV_G_ST,Marina,Marina,-117.1624121,32.7120133,G_ST,03RD_AV,MARKET_ST,02ND_AV
UNION_ST_W_E_ST,Marina,Marina,-117.1660529,32.7140915,W_E_ST,UNION_ST,W_F_ST,STATE_ST
UNION_ST_W_F_ST,Marina,Marina,-117.1660505,32.7130574,W_F_ST,UNION_ST,W_G_ST,STATE_ST
STATE_ST_Map_Border,Marina,Marina,-117.1678267,32.7135653,Map_Border,STATE_ST,W_G_ST,KETTNER_BL
FRONT_ST_W_BROADWAY,City Center,City Center,-117.1651688,32.7151745,W_BROADWAY,FRONT_ST,W_E_ST,UNION_ST
01ST_AV_W_F_ST,City Center,City Center,-117.164253,32.713081,W_F_ST,01ST_AV,W_G_ST,FRONT_ST
01ST_AV_W_BROADWAY,City Center,City Center,-117.1642381,32.7151717,W_BROADWAY,01ST_AV,W_E_ST,FRONT_ST
FRONT_ST_W_G_ST,Marina,Marina,-117.1651522,32.7120098,W_G_ST,FRONT_ST,W_MARKET_ST,UNION_ST
UNION_ST_W_G_ST,Marina,Marina,-117.1660415,32.7120019,W_G_ST,UNION_ST,W_MARKET_ST,STATE_ST
UNION_ST_W_BROADWAY,Columbia,Columbia,-117.1660291,32.715158,W_BROADWAY,UNION_ST,W_E_ST,STATE_ST
STATE_ST_W_BROADWAY,Columbia,Columbia,-117.1678381,32.7151604,W_BROADWAY,STATE_ST,Map_Border,KETTNER_BL
UNION_ST_W_C_ST,Columbia,Columbia,-117.1660445,32.7162224,W_C_ST,UNION_ST,W_BROADWAY,STATE_ST
STATE_ST_W_C_ST,Columbia,Columbia,-117.1669388,32.7162225,W_C_ST,STATE_ST,W_BROADWAY,COLUMBIA_ST
03RD_AV_C_ST,City Center,City Center,-117.162456,32.7162277,C_ST,03RD_AV,BROADWAY,02ND_AV
02ND_AV_C_ST,City Center,City Center,-117.163365,32.7162296,C_ST,02ND_AV,BROADWAY,01ST_AV
04TH_AV_C_ST,City Center,City Center,-117.1615429,32.7162311,C_ST,04TH_AV,BROADWAY,03RD_AV
01ST_AV_W_C_ST,City Center,City Center,-117.1642716,32.7162294,W_C_ST,01ST_AV,W_BROADWAY,FRONT_ST
FRONT_ST_W_C_ST,City Center,City Center,-117.1651725,32.7162289,W_C_ST,FRONT_ST,W_BROADWAY,UNION_ST
Map_Border_BROADWAY,City Center,City Center,-117.1624423,32.7152117,BROADWAY,Map_Border,Map_Border,BROADWAY_CR
CESAR_E_CHAVEZ_PY_NATIONAL_AV,Barrio Logan,Outside Perimeter,-117.1462929,32.7008405,NATIONAL_AV,CESAR_E_CHAVEZ_PY,NEWTON_AV,BEARDSLEY_ST
DEWEY_ST_NATIONAL_AV,Barrio Logan,Outside Perimeter,-117.1446388,32.6996946,NATIONAL_AV,DEWEY_ST,NEWTON_AV,CESAR_E_CHAVEZ_PY
CESAR_E_CHAVEZ_PY_MAIN_ST,Barrio Logan,Outside Perimeter,-117.1478554,32.6992415,MAIN_ST,CESAR_E_CHAVEZ_PY,HARBOR_DR,BEARDSLEY_ST
SR-75_NB_MAIN_ST,Barrio Logan,Outside Perimeter,-117.1462473,32.698123,MAIN_ST,SR-75_NB,HARBOR_DR,CESAR_E_CHAVEZ_PY
CESAR_E_CHAVEZ_PY_NEWTON_AV,Barrio Logan,Outside Perimeter,-117.1470844,32.7000337,NEWTON_AV,CESAR_E_CHAVEZ_PY,MAIN_ST,BEARDSLEY_ST
SR-75_NB_NEWTON_AV,Barrio Logan,Outside Perimeter,-117.145457,32.6989139,NEWTON_AV,SR-75_NB,MAIN_ST,CESAR_E_CHAVEZ_PY
CESAR_E_CHAVEZ_PY_HARBOR_DR,Barrio Logan,Outside Perimeter,-117.1499601,32.6986333,HARBOR_DR,CESAR_E_CHAVEZ_PY,CROSBY_RD,Map_Border
SR-75_NB_HARBOR_DR,Barrio Logan,Outside Perimeter,-117.1471959,32.6971758,HARBOR_DR,SR-75_NB,BAY_FRONT_ST,CESAR_E_CHAVEZ_PY
CESAR_E_CHAVEZ_PY_I-5_SB,Barrio Logan,Outside Perimeter,-117.1465217,32.7035033,I-5_SB,CESAR_E_CHAVEZ_PY,LOGAN_AV,S_17TH_ST
S_EVANS_ST_I-5_SB,Barrio Logan,Outside Perimeter,-117.1423963,32.7005212,I-5_SB,S_EVANS_ST,LOGAN_AV,CESAR_E_CHAVEZ_PY
CESAR_E_CHAVEZ_PY_LOGAN_AV,Barrio Logan,Outside Perimeter,-117.1455189,32.7016458,LOGAN_AV,CESAR_E_CHAVEZ_PY,NATIONAL_AV,BEARDSLEY_ST
S_EVANS_ST_LOGAN_AV,Barrio Logan,Outside Perimeter,-117.1430314,32.6999216,LOGAN_AV,S_EVANS_ST,NATIONAL_AV,CESAR_E_CHAVEZ_PY
21ST_ST_L_ST,Sherman Heights,Outside Perimeter,-117.1453186,32.7067905,L_ST,21ST_ST,IMPERIAL_AV,20TH_ST
20TH_ST_L_ST,Sherman Heights,Outside Perimeter,-117.1462508,32.7067948,L_ST,20TH_ST,IMPERIAL_AV,19TH_ST
BEARDSLEY_ST_LOGAN_AV,Barrio Logan,Outside Perimeter,-117.1471732,32.7027984,LOGAN_AV,BEARDSLEY_ST,NATIONAL_AV,SIGSBEE_ST
BEARDSLEY_ST_NATIONAL_AV,Barrio Logan,Outside Perimeter,-117.1479629,32.7019938,NATIONAL_AV,BEARDSLEY_ST,NEWTON_AV,SIGSBEE_ST
24TH_ST_L_ST,Sherman Heights,Outside Perimeter,-117.1431857,32.7067995,L_ST,24TH_ST,IMPERIAL_AV,22ND_ST
22ND_ST_L_ST,Sherman Heights,Outside Perimeter,-117.1444237,32.7067979,L_ST,22ND_ST,IMPERIAL_AV,21ST_ST
25TH_ST_L_ST,Sherman Heights,Outside Perimeter,-117.141315,32.7068596,L_ST,25TH_ST,IMPERIAL_AV,24TH_ST
19TH_ST_J_ST,Sherman Heights,Outside Perimeter,-117.1470956,32.707881,J_ST,19TH_ST,IMPERIAL_AV,I-5_NB
Map_Border_BAY_FRONT_ST,Barrio Logan,Outside Perimeter,-117.1484226,32.6960745,BAY_FRONT_ST,Map_Border,Map_Border,CESAR_E_CHAVEZ_PY
Map_Border_HARBOR_DR,Barrio Logan,Outside Perimeter,-117.1456167,32.6961166,HARBOR_DR,Map_Border,BAY_FRONT_ST,SR-75_NB
SAMPSON_ST_LOGAN_AV,Barrio Logan,Outside Perimeter,-117.1405284,32.6981952,LOGAN_AV,SAMPSON_ST,NATIONAL_AV,S_EVANS_ST
S_EVANS_ST_NATIONAL_AV,Barrio Logan,Outside Perimeter,-117.1429736,32.6985376,NATIONAL_AV,S_EVANS_ST,NEWTON_AV,DEWEY_ST
SAMPSON_ST_NATIONAL_AV,Barrio Logan,Outside Perimeter,-117.1413145,32.6973907,NATIONAL_AV,SAMPSON_ST,NEWTON_AV,S_EVANS_ST
SAMPSON_ST_I-5_SB,Barrio Logan,Outside Perimeter,-117.1399161,32.6988236,I-5_SB,SAMPSON_ST,LOGAN_AV,S_EVANS_ST
S_EVANS_ST_NEWTON_AV,Barrio Logan,Outside Perimeter,-117.1438153,32.697763,NEWTON_AV,S_EVANS_ST,MAIN_ST,SR-75_NB
SAMPSON_ST_NEWTON_AV,Barrio Logan,Outside Perimeter,-117.1420955,32.6965799,NEWTON_AV,SAMPSON_ST,MAIN_ST,S_EVANS_ST
S_EVANS_ST_MAIN_ST,Barrio Logan,Outside Perimeter,-117.1446167,32.6969947,MAIN_ST,S_EVANS_ST,HARBOR_DR,SR-75_NB
SAMPSON_ST_MAIN_ST,Barrio Logan,Outside Perimeter,-117.1429084,32.6958054,MAIN_ST,SAMPSON_ST,HARBOR_DR,S_EVANS_ST
21ST_ST_ISLAND_AV,Sherman Heights,Outside Perimeter,-117.1453325,32.709933,ISLAND_AV,21ST_ST,J_ST,20TH_ST
20TH_ST_ISLAND_AV,Sherman Heights,Outside Perimeter,-117.1462789,32.7099376,ISLAND_AV,20TH_ST,J_ST,19TH_ST
20TH_ST_J_ST,Sherman Heights,Outside Perimeter,-117.1462467,32.7088883,J_ST,20TH_ST,K_ST,19TH_ST
22ND_ST_MARKET_ST,Sherman Heights,Outside Perimeter,-117.1444428,32.7110048,MARKET_ST,22ND_ST,ISLAND_AV,21ST_ST
21ST_ST_MARKET_ST,Sherman Heights,Outside Perimeter,-117.1453454,32.7109963,MARKET_ST,21ST_ST,ISLAND_AV,20TH_ST
19TH_ST_ISLAND_AV,Sherman Heights,Outside Perimeter,-117.147112,32.7099383,ISLAND_AV,19TH_ST,J_ST,I-5_NB
25TH_ST_SR-94_EB,Sherman Heights,Outside Perimeter,-117.1421398,32.7128513,SR-94_EB,25TH_ST,G_ST,22ND_ST
22ND_ST_SR-94_EB_ON_RA,Sherman Heights,Outside Perimeter,-117.1461263,32.7125135,SR-94_EB_ON_RA,22ND_ST,MARKET_ST,I-5_NB_OFF_RA
24TH_ST_MARKET_ST,Sherman Heights,Outside Perimeter,-117.1432164,32.7110029,MARKET_ST,24TH_ST,ISLAND_AV,22ND_ST
24TH_ST_G_ST,Sherman Heights,Outside Perimeter,-117.143221,32.7121115,G_ST,24TH_ST,MARKET_ST,22ND_ST
21ST_ST_J_ST,Sherman Heights,Outside Perimeter,-117.1453383,32.708886,J_ST,21ST_ST,K_ST,20TH_ST
19TH_ST_MARKET_ST,Sherman Heights,Outside Perimeter,-117.1471172,32.7109932,MARKET_ST,19TH_ST,ISLAND_AV,I-5_NB
25TH_ST_G_ST,Sherman Heights,Outside Perimeter,-117.1413559,32.7121302,G_ST,25TH_ST,MARKET_ST,24TH_ST
25TH_ST_K_ST,Sherman Heights,Outside Perimeter,-117.1413004,32.7078924,K_ST,25TH_ST,L_ST,24TH_ST
24TH_ST_ISLAND_AV,Sherman Heights,Outside Perimeter,-117.1432088,32.7094203,ISLAND_AV,24TH_ST,K_ST,22ND_ST
22ND_ST_J_ST,Sherman Heights,Outside Perimeter,-117.1444379,32.7088943,J_ST,22ND_ST,K_ST,21ST_ST
24TH_ST_K_ST,Sherman Heights,Outside Perimeter,-117.143186,32.7078535,K_ST,24TH_ST,L_ST,22ND_ST
22ND_ST_K_ST,Sherman Heights,Outside Perimeter,-117.1444354,32.7078447,K_ST,22ND_ST,L_ST,21ST_ST
22ND_ST_G_ST,Sherman Heights,Outside Perimeter,-117.1444422,32.7121,G_ST,22ND_ST,MARKET_ST,21ST_ST
22ND_ST_ISLAND_AV,Sherman Heights,Outside Perimeter,-117.1444268,32.7099351,ISLAND_AV,22ND_ST,J_ST,21ST_ST
21ST_ST_K_ST,Sherman Heights,Outside Perimeter,-117.1453286,32.7078362,K_ST,21ST_ST,L_ST,20TH_ST
21ST_ST_G_ST,Sherman Heights,Outside Perimeter,-117.145372,32.7120866,G_ST,21ST_ST,MARKET_ST,20TH_ST
25TH_ST_MARKET_ST,Sherman Heights,Outside Perimeter,-117.1413415,32.7110545,MARKET_ST,25TH_ST,ISLAND_AV,24TH_ST
25TH_ST_ISLAND_AV,Sherman Heights,Outside Perimeter,-117.1413337,32.7099983,ISLAND_AV,25TH_ST,J_ST,24TH_ST
25TH_ST_J_ST,Sherman Heights,Outside Perimeter,-117.1413245,32.7089464,J_ST,25TH_ST,K_ST,24TH_ST
20TH_ST_MARKET_ST,Sherman Heights,Outside Perimeter,-117.1462566,32.7109976,MARKET_ST,20TH_ST,ISLAND_AV,19TH_ST
20TH_ST_K_ST,Sherman Heights,Outside Perimeter,-117.1462333,32.7078318,K_ST,20TH_ST,L_ST,19TH_ST
20TH_ST_G_ST,Sherman Heights,Outside Perimeter,-117.1463384,32.7120933,G_ST,20TH_ST,MARKET_ST,19TH_ST
KETTNER_BL_W_E_ST,Marina,Marina,-117.1701433,32.7140949,W_E_ST,KETTNER_BL,W_F_ST,PACIFIC_HY
KETTNER_BL_W_F_ST,Marina,Marina,-117.1701177,32.7130513,W_F_ST,KETTNER_BL,W_G_ST,PACIFIC_HY
KETTNER_BL_W_G_ST,Marina,Marina,-117.1701176,32.7120006,W_G_ST,KETTNER_BL,W_HARBOR_DR,PACIFIC_HY
COLUMBIA_ST_W_G_ST,Marina,Marina,-117.1682576,32.7119064,W_G_ST,COLUMBIA_ST,W_HARBOR_DR,KETTNER_BL
STATE_ST_W_G_ST,Marina,Marina,-117.1669646,32.7120126,W_G_ST,STATE_ST,W_MARKET_ST,COLUMBIA_ST
CALIFORNIA_ST_W_BROADWAY,Columbia,Columbia,-117.1705741,32.715156,W_BROADWAY,CALIFORNIA_ST,W_E_ST,PACIFIC_HY
10TH_AV_MARKET_ST,South East Village,East Village,-117.1560318,32.7109825,MARKET_ST,10TH_AV,ISLAND_AV,09TH_AV
10TH_AV_G_ST,East Village,East Village,-117.1560204,32.7120547,G_ST,10TH_AV,MARKET_ST,09TH_AV
11TH_AV_MARKET_ST,South East Village,East Village,-117.155121,32.7109849,MARKET_ST,11TH_AV,ISLAND_AV,10TH_AV
11TH_AV_G_ST,East Village,East Village,-117.1551275,32.7120633,G_ST,11TH_AV,MARKET_ST,10TH_AV
KETTNER_BL_W_BROADWAY,Columbia,Columbia,-117.169627,32.7151597,W_BROADWAY,KETTNER_BL,W_E_ST,CALIFORNIA_ST
11TH_AV_A_ST,City Center,City Center,-117.1551703,32.7183485,A_ST,11TH_AV,B_ST,10TH_AV
10TH_AV_A_ST,City Center,City Center,-117.1560903,32.7183488,A_ST,10TH_AV,B_ST,09TH_AV
PARK_BL_B_ST,City Center,City Center,-117.1542247,32.7172888,B_ST,PARK_BL,C_ST,11TH_AV
11TH_AV_B_ST,City Center,City Center,-117.1551753,32.7172964,B_ST,11TH_AV,C_ST,10TH_AV
01ST_AV_W_A_ST,City Center,City Center,-117.1642723,32.7182995,W_A_ST,01ST_AV,W_B_ST,FRONT_ST
03RD_AV_A_ST,City Center,City Center,-117.1629391,32.7177955,A_ST,03RD_AV,C_ST,01ST_AV
01ST_AV_W_B_ST,City Center,City Center,-117.1642733,32.7172579,W_B_ST,01ST_AV,W_C_ST,FRONT_ST
09TH_AV_B_ST,City Center,City Center,-117.1570047,32.7172966,B_ST,09TH_AV,C_ST,08TH_AV
09TH_AV_A_ST,City Center,City Center,-117.1569918,32.7183434,A_ST,09TH_AV,B_ST,08TH_AV
UNION_ST_W_B_ST,Columbia,Columbia,-117.1660315,32.7172451,W_B_ST,UNION_ST,W_C_ST,STATE_ST
COLUMBIA_ST_W_ASH_ST,Columbia,Columbia,-117.1678351,32.7193473,W_ASH_ST,COLUMBIA_ST,W_A_ST,INDIA_ST
PARK_BL_A_ST,City Center,City Center,-117.1542312,32.7183468,A_ST,PARK_BL,B_ST,11TH_AV
07TH_AV_A_ST,City Center,City Center,-117.158841,32.7183422,A_ST,07TH_AV,B_ST,06TH_AV
06TH_AV_A_ST,City Center,City Center,-117.1597219,32.7183308,A_ST,06TH_AV,B_ST,05TH_AV
UNION_ST_W_A_ST,Columbia,Columbia,-117.1660611,32.7182992,W_A_ST,UNION_ST,W_B_ST,STATE_ST
STATE_ST_W_A_ST,Columbia,Columbia,-117.1669419,32.7182948,W_A_ST,STATE_ST,W_B_ST,COLUMBIA_ST
FRONT_ST_W_B_ST,City Center,City Center,-117.1651867,32.7172606,W_B_ST,FRONT_ST,W_C_ST,UNION_ST
FRONT_ST_W_A_ST,City Center,City Center,-117.165161,32.7182965,W_A_ST,FRONT_ST,W_B_ST,UNION_ST
INDIA_ST_W_ASH_ST,Columbia,Columbia,-117.1687367,32.7193441,W_ASH_ST,INDIA_ST,W_A_ST,KETTNER_BL
INDIA_ST_W_A_ST,Columbia,Columbia,-117.1687155,32.7182884,W_A_ST,INDIA_ST,W_B_ST,KETTNER_BL
KETTNER_BL_W_ASH_ST,Columbia,Columbia,-117.169622,32.7193394,W_ASH_ST,KETTNER_BL,W_A_ST,CALIFORNIA_ST
KETTNER_BL_W_A_ST,Columbia,Columbia,-117.1696087,32.7172597,W_A_ST,KETTNER_BL,W_BROADWAY,Map_Border
CALIFORNIA_ST_W_ASH_ST,Columbia,Columbia,-117.1705567,32.7177515,W_ASH_ST,CALIFORNIA_ST,W_BROADWAY,PACIFIC_HY
STATE_ST_W_ASH_ST,Columbia,Columbia,-117.1669349,32.7193487,W_ASH_ST,STATE_ST,W_A_ST,COLUMBIA_ST
05TH_AV_B_ST,City Center,City Center,-117.160627,32.7172852,B_ST,05TH_AV,C_ST,04TH_AV
PARK_BL_C_ST,City Center,City Center,-117.1542651,32.7162557,C_ST,PARK_BL,BROADWAY,11TH_AV
11TH_AV_C_ST,City Center,City Center,-117.1551682,32.7162482,C_ST,11TH_AV,BROADWAY,10TH_AV
05TH_AV_A_ST,City Center,City Center,-117.1606385,32.7183298,A_ST,05TH_AV,B_ST,04TH_AV
08TH_AV_B_ST,City Center,City Center,-117.157879,32.7172848,B_ST,08TH_AV,C_ST,07TH_AV
07TH_AV_B_ST,City Center,City Center,-117.1588132,32.7172886,B_ST,07TH_AV,C_ST,06TH_AV
STATE_ST_W_B_ST,Columbia,Columbia,-117.1669394,32.7172463,W_B_ST,STATE_ST,W_C_ST,COLUMBIA_ST
COLUMBIA_ST_W_B_ST,Columbia,Columbia,-117.167824,32.7172386,W_B_ST,COLUMBIA_ST,W_C_ST,INDIA_ST
COLUMBIA_ST_W_C_ST,Columbia,Columbia,-117.1678207,32.7162135,W_C_ST,COLUMBIA_ST,W_BROADWAY,INDIA_ST
COLUMBIA_ST_W_A_ST,Columbia,Columbia,-117.1678202,32.7182872,W_A_ST,COLUMBIA_ST,W_B_ST,INDIA_ST
06TH_AV_B_ST,City Center,City Center,-117.1597396,32.7172918,B_ST,06TH_AV,C_ST,05TH_AV
04TH_AV_B_ST,City Center,City Center,-117.1615558,32.7172806,B_ST,04TH_AV,C_ST,03RD_AV
UNION_ST_W_ASH_ST,Columbia,Columbia,-117.1660488,32.7193532,W_ASH_ST,UNION_ST,W_A_ST,STATE_ST
08TH_AV_A_ST,City Center,City Center,-117.1579005,32.718341,A_ST,08TH_AV,B_ST,07TH_AV
10TH_AV_C_ST,City Center,City Center,-117.1560671,32.7162421,C_ST,10TH_AV,BROADWAY,09TH_AV
PARK_BL_BROADWAY,City Center,City Center,-117.1542276,32.7152116,BROADWAY,PARK_BL,E_ST,11TH_AV
04TH_AV_A_ST,City Center,City Center,-117.161562,32.7183232,A_ST,04TH_AV,B_ST,03RD_AV
INDIA_ST_W_B_ST,Columbia,Columbia,-117.1687224,32.7167409,W_B_ST,INDIA_ST,W_BROADWAY,KETTNER_BL
08TH_AV_BROADWAY,City Center,City Center,-117.1578757,32.7151887,BROADWAY,08TH_AV,E_ST,07TH_AV
11TH_AV_BROADWAY,City Center,City Center,-117.1551477,32.715209,BROADWAY,11TH_AV,E_ST,10TH_AV
09TH_AV_C_ST,City Center,City Center,-117.1569898,32.7162425,C_ST,09TH_AV,BROADWAY,08TH_AV
08TH_AV_C_ST,City Center,City Center,-117.1578665,32.7162322,C_ST,08TH_AV,BROADWAY,07TH_AV
08TH_AV_E_ST,East Village,East Village,-117.1578739,32.7141511,E_ST,08TH_AV,F_ST,07TH_AV
09TH_AV_F_ST,East Village,East Village,-117.1569871,32.7131219,F_ST,09TH_AV,G_ST,08TH_AV
08TH_AV_F_ST,East Village,East Village,-117.1578741,32.7131096,F_ST,08TH_AV,G_ST,07TH_AV
09TH_AV_E_ST,East Village,East Village,-117.15698,32.7141617,E_ST,09TH_AV,F_ST,08TH_AV
09TH_AV_BROADWAY,City Center,City Center,-117.156977,32.7151974,BROADWAY,09TH_AV,E_ST,08TH_AV
10TH_AV_E_ST,East Village,East Village,-117.1560379,32.7141601,E_ST,10TH_AV,F_ST,09TH_AV
11TH_AV_F_ST,East Village,East Village,-117.1551366,32.7131258,F_ST,11TH_AV,G_ST,10TH_AV
11TH_AV_E_ST,East Village,East Village,-117.1551235,32.7141652,E_ST,11TH_AV,F_ST,10TH_AV
09TH_AV_MARKET_ST,South East Village,East Village,-117.1569277,32.7109735,MARKET_ST,09TH_AV,ISLAND_AV,08TH_AV
10TH_AV_BROADWAY,City Center,City Center,-117.1560569,32.7152016,BROADWAY,10TH_AV,E_ST,09TH_AV
PARK_BL_E_ST,East Village,East Village,-117.154232,32.7141746,E_ST,PARK_BL,F_ST,11TH_AV
08TH_AV_MARKET_ST,South East Village,East Village,-117.1578318,32.7109649,MARKET_ST,08TH_AV,ISLAND_AV,07TH_AV
10TH_AV_F_ST,East Village,East Village,-117.1560443,32.7131208,F_ST,10TH_AV,G_ST,09TH_AV
09TH_AV_G_ST,East Village,East Village,-117.156925,32.7120459,G_ST,09TH_AV,MARKET_ST,08TH_AV
08TH_AV_G_ST,East Village,East Village,-117.1578632,32.7120448,G_ST,08TH_AV,MARKET_ST,07TH_AV
10TH_AV_B_ST,City Center,City Center,-117.1560639,32.7172883,B_ST,10TH_AV,C_ST,09TH_AV
I-5_SB_ISLAND_AV,South East Village,East Village,-117.1481553,32.7099349,ISLAND_AV,I-5_SB,J_ST,17TH_ST
I-5_SB_MARKET_ST,South East Village,East Village,-117.1481409,32.7109953,MARKET_ST,I-5_SB,ISLAND_AV,17TH_ST
I-5_SB_OFF_RA_J_ST,South East Village,East Village,-117.1481715,32.7089424,J_ST,I-5_SB_OFF_RA,Map_Border,I-5_SB_ON_RA
PARK_BL_ISLAND_AV,South East Village,East Village,-117.1541784,32.7099239,ISLAND_AV,PARK_BL,J_ST,11TH_AV
11TH_AV_ISLAND_AV,South East Village,East Village,-117.1551035,32.7099236,ISLAND_AV,11TH_AV,J_ST,10TH_AV
PARK_BL_MARKET_ST,South East Village,East Village,-117.1541961,32.7109863,MARKET_ST,PARK_BL,ISLAND_AV,11TH_AV
10TH_AV_ISLAND_AV,South East Village,East Village,-117.1559891,32.7099117,ISLAND_AV,10TH_AV,J_ST,09TH_AV
PARK_BL_G_ST,East Village,East Village,-117.1541965,32.712061,G_ST,PARK_BL,MARKET_ST,11TH_AV
17TH_ST_J_ST,South East Village,East Village,-117.1489996,32.708891,J_ST,17TH_ST,K_ST,16TH_ST
I-5_SB_ON_RA_Map_Border,South East Village,East Village,-117.148167,32.706935,Map_Border,I-5_SB_ON_RA,IMPERIAL_AV,I-5_SB_OFF_RA
17TH_ST_ISLAND_AV,South East Village,East Village,-117.1489889,32.7099281,ISLAND_AV,17TH_ST,J_ST,16TH_ST
I-5_SB_ON_RA_C_ST,East Village,East Village,-117.1483469,32.7162533,C_ST,I-5_SB_ON_RA,BROADWAY,17TH_ST
17TH_ST_C_ST,East Village,East Village,-117.1490392,32.7162877,C_ST,17TH_ST,BROADWAY,16TH_ST
15TH_ST_C_ST,East Village,East Village,-117.1511898,32.7162738,C_ST,15TH_ST,BROADWAY,14TH_ST
14TH_ST_C_ST,East Village,East Village,-117.1523968,32.7162585,C_ST,14TH_ST,BROADWAY,13TH_ST
13TH_ST_C_ST,East Village,East Village,-117.1533446,32.716262,C_ST,13TH_ST,BROADWAY,PARK_BL
16TH_ST_C_ST,East Village,East Village,-117.1499595,32.7162861,C_ST,16TH_ST,BROADWAY,15TH_ST
17TH_ST_BROADWAY,East Village,East Village,-117.1490277,32.7152345,BROADWAY,17TH_ST,E_ST,16TH_ST
16TH_ST_BROADWAY,East Village,East Village,-117.149933,32.7152315,BROADWAY,16TH_ST,E_ST,15TH_ST
13TH_ST_BROADWAY,East Village,East Village,-117.1533262,32.7152197,BROADWAY,13TH_ST,E_ST,PARK_BL
14TH_ST_BROADWAY,East Village,East Village,-117.1524186,32.7152244,BROADWAY,14TH_ST,E_ST,13TH_ST
15TH_ST_BROADWAY,East Village,East Village,-117.151185,32.7152297,BROADWAY,15TH_ST,E_ST,14TH_ST
I-5_SB_IMPERIAL_AV,South East Village,East Village,-117.1479977,32.7057081,IMPERIAL_AV,I-5_SB,COMMERCIAL_ST,17TH_ST
I-5_SB_OFF_RA_Map_Border,South East Village,East Village,-117.1484631,32.7080044,Map_Border,I-5_SB_OFF_RA,Map_Border,17TH_ST
I-5_SB_ON_RA_G_ST,East Village,East Village,-117.1481739,32.7120816,G_ST,I-5_SB_ON_RA,MARKET_ST,17TH_ST
I-5_SB_ON_RA_E_ST,East Village,East Village,-117.1484371,32.7141444,E_ST,I-5_SB_ON_RA,F_ST,17TH_ST
17TH_ST_E_ST,East Village,East Village,-117.1489562,32.7141842,E_ST,17TH_ST,F_ST,16TH_ST
S_17TH_ST_COMMERCIAL_ST,Barrio Logan,Outside Perimeter,-117.1488823,32.7049507,COMMERCIAL_ST,S_17TH_ST,LOGAN_AV,Map_Border
17TH_ST_IMPERIAL_AV,South East Village,East Village,-117.148974,32.7057471,IMPERIAL_AV,17TH_ST,COMMERCIAL_ST,16TH_ST
16TH_ST_F_ST,East Village,East Village,-117.1499278,32.7131519,F_ST,16TH_ST,G_ST,15TH_ST
15TH_ST_F_ST,East Village,East Village,-117.1511605,32.7131435,F_ST,15TH_ST,G_ST,14TH_ST
17TH_ST_F_ST,East Village,East Village,-117.1490065,32.7131541,F_ST,17TH_ST,G_ST,16TH_ST
14TH_ST_E_ST,East Village,East Village,-117.1524186,32.7141857,E_ST,14TH_ST,F_ST,13TH_ST
13TH_ST_E_ST,East Village,East Village,-117.1533283,32.7141815,E_ST,13TH_ST,F_ST,PARK_BL
PARK_BL_F_ST,East Village,East Village,-117.1542287,32.7131312,F_ST,PARK_BL,G_ST,11TH_AV
17TH_ST_K_ST,South East Village,East Village,-117.1489822,32.7073124,K_ST,17TH_ST,IMPERIAL_AV,16TH_ST
16TH_ST_MARKET_ST,South East Village,East Village,-117.1499028,32.7109864,MARKET_ST,16TH_ST,ISLAND_AV,15TH_ST
16TH_ST_G_ST,East Village,East Village,-117.1499191,32.7120806,G_ST,16TH_ST,MARKET_ST,15TH_ST
15TH_ST_G_ST,East Village,East Village,-117.1511433,32.7120768,G_ST,15TH_ST,MARKET_ST,14TH_ST
14TH_ST_G_ST,East Village,East Village,-117.1524006,32.7120823,G_ST,14TH_ST,MARKET_ST,13TH_ST
15TH_ST_MARKET_ST,South East Village,East Village,-117.1511361,32.7109935,MARKET_ST,15TH_ST,ISLAND_AV,14TH_ST
09TH_AV_ISLAND_AV,South East Village,East Village,-117.156932,32.7099196,ISLAND_AV,09TH_AV,J_ST,08TH_AV
NEWTON_AV_PARK_BL,Barrio Logan,Outside Perimeter,-117.1539584,32.7039294,PARK_BL,NEWTON_AV,Map_Border,HARBOR_DR
Map_Border_IMPERIAL_AV,South East Village,East Village,-117.1556292,32.7058874,IMPERIAL_AV,Map_Border,Map_Border,PARK_BL
NATIONAL_AV_IMPERIAL_AV,South East Village,East Village,-117.1537259,32.7057792,IMPERIAL_AV,NATIONAL_AV,Map_Border,Map_Border
S_16TH_ST_NATIONAL_AV,Barrio Logan,Outside Perimeter,-117.1514994,32.7044166,NATIONAL_AV,S_16TH_ST,NEWTON_AV,Map_Border
Map_Border_NATIONAL_AV,South East Village,East Village,-117.1524081,32.7055029,NATIONAL_AV,Map_Border,COMMERCIAL_ST,13TH_ST
16TH_ST_K_ST,South East Village,East Village,-117.1506552,32.7073213,K_ST,16TH_ST,IMPERIAL_AV,14TH_ST
14TH_ST_K_ST,South East Village,East Village,-117.1523339,32.7078495,K_ST,14TH_ST,L_ST,13TH_ST
13TH_ST_IMPERIAL_AV,South East Village,East Village,-117.1529333,32.7061363,IMPERIAL_AV,13TH_ST,Map_Border,NATIONAL_AV
13TH_ST_L_ST,South East Village,East Village,-117.1532624,32.7068048,L_ST,13TH_ST,IMPERIAL_AV,12TH_AV
14TH_ST_IMPERIAL_AV,South East Village,East Village,-117.1522731,32.705974,IMPERIAL_AV,14TH_ST,NATIONAL_AV,13TH_ST
12TH_AV_PARK_BL,South East Village,East Village,-117.1545023,32.7069832,PARK_BL,12TH_AV,Map_Border,IMPERIAL_AV
PARK_BL_J_ST,South East Village,East Village,-117.1540298,32.7087234,J_ST,PARK_BL,Map_Border,11TH_AV
17TH_ST_G_ST,East Village,East Village,-117.1490078,32.7120842,G_ST,17TH_ST,MARKET_ST,16TH_ST
I-5_SB_ON_RA_F_ST,East Village,East Village,-117.1482564,32.7131625,F_ST,I-5_SB_ON_RA,G_ST,17TH_ST
16TH_ST_E_ST,East Village,East Village,-117.149932,32.7141937,E_ST,16TH_ST,F_ST,15TH_ST
13TH_ST_F_ST,East Village,East Village,-117.1532985,32.7131305,F_ST,13TH_ST,G_ST,PARK_BL
14TH_ST_F_ST,East Village,East Village,-117.1523916,32.713136,F_ST,14TH_ST,G_ST,13TH_ST
17TH_ST_MARKET_ST,South East Village,East Village,-117.1490019,32.7109934,MARKET_ST,17TH_ST,ISLAND_AV,16TH_ST
14TH_ST_J_ST,South East Village,East Village,-117.1523555,32.7089017,J_ST,14TH_ST,K_ST,13TH_ST
14TH_ST_ISLAND_AV,South East Village,East Village,-117.1523586,32.7099402,ISLAND_AV,14TH_ST,J_ST,13TH_ST
14TH_ST_MARKET_ST,South East Village,East Village,-117.1523631,32.7109961,MARKET_ST,14TH_ST,ISLAND_AV,13TH_ST
S_16TH_ST_COMMERCIAL_ST,Barrio Logan,Outside Perimeter,-117.1502989,32.7048412,COMMERCIAL_ST,S_16TH_ST,NATIONAL_AV,Map_Border
16TH_ST_IMPERIAL_AV,South East Village,East Village,-117.1498956,32.7057509,IMPERIAL_AV,16TH_ST,COMMERCIAL_ST,15TH_ST
15TH_ST_IMPERIAL_AV,South East Village,East Village,-117.1511004,32.7057566,IMPERIAL_AV,15TH_ST,COMMERCIAL_ST,14TH_ST
14TH_ST_L_ST,South East Village,East Village,-117.1523303,32.7068041,L_ST,14TH_ST,IMPERIAL_AV,13TH_ST
10TH_AV_J_ST,South East Village,East Village,-117.1568893,32.707721,J_ST,10TH_AV,PARK_BL,TONY_GWYNN_DR
11TH_AV_K_ST,South East Village,East Village,-117.1551208,32.7080323,K_ST,11TH_AV,PARK_BL,10TH_AV
11TH_AV_J_ST,South East Village,East Village,-117.1551036,32.7088789,J_ST,11TH_AV,K_ST,10TH_AV
SIGSBEE_ST_LOGAN_AV,Barrio Logan,Outside Perimeter,-117.1488413,32.7039621,LOGAN_AV,SIGSBEE_ST,NATIONAL_AV,S_16TH_ST
15TH_ST_E_ST,East Village,East Village,-117.151182,32.7141905,E_ST,15TH_ST,F_ST,14TH_ST
16TH_ST_ISLAND_AV,South East Village,East Village,-117.1499034,32.7099323,ISLAND_AV,16TH_ST,J_ST,15TH_ST
13TH_ST_G_ST,East Village,East Village,-117.1533019,32.7120729,G_ST,13TH_ST,MARKET_ST,PARK_BL
16TH_ST_J_ST,South East Village,East Village,-117.1498877,32.7088871,J_ST,16TH_ST,K_ST,15TH_ST
13TH_ST_K_ST,South East Village,East Village,-117.1532529,32.7078497,K_ST,13TH_ST,L_ST,12TH_AV
08TH_AV_ISLAND_AV,South East Village,East Village,-117.1578277,32.7099063,ISLAND_AV,08TH_AV,J_ST,07TH_AV
13TH_ST_MARKET_ST,South East Village,East Village,-117.1532832,32.7109913,MARKET_ST,13TH_ST,ISLAND_AV,PARK_BL
13TH_ST_ISLAND_AV,South East Village,East Village,-117.1532643,32.709928,ISLAND_AV,13TH_ST,J_ST,PARK_BL
13TH_ST_J_ST,South East Village,East Village,-117.1532612,32.7088911,J_ST,13TH_ST,K_ST,PARK_BL
15TH_ST_ISLAND_AV,South East Village,East Village,-117.1511399,32.7099405,ISLAND_AV,15TH_ST,J_ST,14TH_ST
15TH_ST_J_ST,South East Village,East Village,-117.1511125,32.7088926,J_ST,15TH_ST,K_ST,14TH_ST
CESAR_E_CHAVEZ_PY_CROSBY_RD,Barrio Logan,Outside Perimeter,-117.1502346,32.6968752,CROSBY_RD,CESAR_E_CHAVEZ_PY,WATER_ST,Map_Border
BEARDSLEY_ST_NEWTON_AV,Barrio Logan,Outside Perimeter,-117.148737,32.7011838,NEWTON_AV,BEARDSLEY_ST,MAIN_ST,SIGSBEE_ST
NEWTON_AV_Map_Border,Barrio Logan,Outside Perimeter,-117.150364,32.7023431,Map_Border,NEWTON_AV,SIGSBEE_ST,Map_Border
Map_Border_Map_Border,Barrio Logan,Outside Perimeter,-117.1511516,32.7015111,Map_Border,Map_Border,SIGSBEE_ST,HARBOR_DR
BEARDSLEY_ST_MAIN_ST,Barrio Logan,Outside Perimeter,-117.1495408,32.7003924,MAIN_ST,BEARDSLEY_ST,HARBOR_DR,SIGSBEE_ST
SIGSBEE_ST_NATIONAL_AV,Barrio Logan,Outside Perimeter,-117.1496165,32.7031432,NATIONAL_AV,SIGSBEE_ST,NEWTON_AV,S_16TH_ST
02ND_AV_MARKET_ST,Marina,Marina,-117.1633132,32.7109377,MARKET_ST,02ND_AV,ISLAND_AV,01ST_AV
03RD_AV_MARKET_ST,Marina,Marina,-117.1623893,32.7109401,MARKET_ST,03RD_AV,ISLAND_AV,02ND_AV
02ND_AV_ISLAND_AV,Marina,Marina,-117.1633191,32.7098806,ISLAND_AV,02ND_AV,J_ST,01ST_AV
01ST_AV_W_MARKET_ST,Marina,Marina,-117.164209,32.7109322,W_MARKET_ST,01ST_AV,W_ISLAND_AV,FRONT_ST
01ST_AV_W_ISLAND_AV,Marina,Marina,-117.1643067,32.7097153,W_ISLAND_AV,01ST_AV,W_HARBOR_DR,FRONT_ST
FRONT_ST_W_MARKET_ST,Marina,Marina,-117.1662764,32.7106324,W_MARKET_ST,FRONT_ST,W_HARBOR_DR,Map_Border
03RD_AV_ISLAND_AV,Marina,Marina,-117.1623956,32.7098903,ISLAND_AV,03RD_AV,J_ST,02ND_AV
FRONT_ST_W_MARKET_ST__2,Marina,Marina,-117.1651491,32.7109428,W_MARKET_ST,FRONT_ST,W_ISLAND_AV,UNION_ST
