event_date,event_type,title,description,date_certainty,source_url
2018-08-21,policy,Vehicle habitation ban (SDMC 86.0137(f)) enjoined,Federal judge Anthony Battaglia issues a preliminary injunction in Bloom v. City of San Diego (17-cv-2324-AJB-NLS) halting enforcement of SDMC 86.0137(f) (living in a vehicle parked on street) as unconstitutionally vague and arbitrarily enforced -- explains why vehicle-habitation citations in source D stop after 2018.,high,https://www.disabilityrightsca.org/system/files/file-attachments/44%20-ORDER_PlMotionForPreliminaryInj2018Aug21.pdf
2019-02-05,policy,City Council repeals vehicle habitation ban language,Council votes to repeal the habitation-ban portion of SDMC 86.0137 following the 2018 federal injunction and the 9th Circuit's Desertrain v. City of Los Angeles precedent on vague vehicle-dwelling ordinances.,verify,https://timesofsandiego.com/politics/2019/02/05/san-diego-repeals-ordinance-banning-sleeping-in-a-vehicle/
2019-05-14,policy,New Vehicle Habitation Ordinance (VHO) adopted,City Council approves a replacement emergency ordinance restricting vehicle habitation within 500 feet of a school or residence and citywide between 9pm-6am.,high,https://www.sandiego.gov/homeless-services/news/new-law-address-proliferation-people-living-unsafe-conditions-vehicles-city-streets
2023-06-13,policy,Unsafe Camping Ordinance adopted,City Council approves a ban on tent encampments on public property in an initial 5-4 vote (final approval June 27; signed by Mayor Gloria June 29).,high,https://www.kpbs.org/news/local/2023/06/14/san-diego-city-council-approves-unsafe-camping-ordinance-homelessness
2023-06-29,shelter,First Safe Sleeping Site opens (20th & B),City's first Safe Sleeping Program site opens to clients at the Central Operations Yard (20th & B streets Golden Hill); ~136 tent spaces operated by Dreams for Change.,high,https://www.sandiego.gov/outreach2-article/mayor-gloria-announces-opening-first-safe-sleeping-site-san-diegans-experiencing
2023-07-31,policy,Unsafe Camping Ordinance enforcement begins,SDPD begins progressive enforcement of the camping ban starting near schools and parks; sources differ slightly on whether the very first enforcement action fell on Sun Jul 30 or Mon Jul 31 2023.,verify,https://www.kpbs.org/news/local/2023/07/31/san-diegos-unsafe-camping-ordinance-enforcement-begins
2023-10-21,shelter,O Lot Safe Sleeping Site opens near Balboa Park,Second Safe Sleeping site opens near the Naval Medical Center east of Nursery Road with roughly 400 tent spaces expanding the city's Safe Sleeping Program.,high,https://www.kpbs.org/news/quality-of-life/2023/10/20/san-diego-to-open-balboa-park-safe-sleeping-site-for-unhoused-residents
2024-03-21,policy,SDPD resumes full VHO enforcement after settlement,"Following the ~$3.2M Bloom v. City of San Diego settlement setting new enforcement rules, SDPD begins officer training to resume full Vehicle Habitation Ordinance enforcement.",verify,https://www.scrippsranch.org/sdpd-to-resume-full-enforcement-of-vehicle-habitation-ordinance/
2024-12-29,shelter,Golden Hall shelter closes,City's largest downtown shelter (264 beds) closes after intake had already stopped earlier in the year; remaining residents relocated to other shelters/Safe Sleeping sites.,verify,https://www.nbcsandiego.com/news/local/golden-hall-homeless-shelter-closes-residents-relocated-as-city-of-san-diego-works-to-increase-shelter-capacity/3710107/
