year,geography,sheltered,unsheltered,source_url,note
2016,san_diego_region,3729,4940,http://library.metatab.org/hudexchange.info-pit-coc-1/data/pitc_coc.csv,"HUD PIT-by-CoC combined file (CA-601 San Diego City and County CoC row, year=2016): sheltered_total_homeless=3729, unsheltered_homeless=4940, overall_homeless=8669"
2017,san_diego_region,3539,5621,http://library.metatab.org/hudexchange.info-pit-coc-1/data/pitc_coc.csv,"HUD PIT-by-CoC combined file (CA-601, year=2017): sheltered_total_homeless=3539, unsheltered_homeless=5621, overall_homeless=9160"
2018,san_diego_region,3586,4990,http://library.metatab.org/hudexchange.info-pit-coc-1/data/pitc_coc.csv,"HUD PIT-by-CoC combined file (CA-601, year=2018): sheltered_total_homeless=3586, unsheltered_homeless=4990, overall_homeless=8576"
2019,san_diego_region,4476,3626,https://www.sandiego.gov/sites/default/files/statement_rtfh_pitc.pdf,"RTFH press release '2019 Point-in-Time-Count (WeAllCount) Results' (Apr 29 2019): 'the number of unsheltered homeless individuals in San Diego County was 3626 and the number of homeless individuals in shelters was 4476' - min total 8102"
2020,san_diego_region,3667,3971,https://www.rtfhsd.org/wp-content/uploads/2025/01/2021-PIT-Report_final.pdf,"RTFH 2021 Sheltered PIT report, '2020 Shelted' regional TOTAL row: ES 2307 + TH 1313 + SH 47 = 3667 sheltered; 2020-2022 Year Comparisons table in the 2022 WeAllCount PDF gives 2020 Unsheltered Count = 3971, 2020 Total = 7638"
2022,san_diego_region,4321,4106,https://www.rtfhsd.org/wp-content/uploads/2025/01/2022-San-Diego-Region-FINAL_05192022.pdf,"2022 WeAllCount City Totals PDF, San Diego Region row: Emergency Shelter 3036 + Safe Haven 36 + Transitional Housing 1249 = 4321 sheltered, Unsheltered 4106, Total: 8427"
2023,san_diego_region,5093,5171,https://www.rtfhsd.org/wp-content/uploads/2024/09/2024-San-Diego-Regional-Breakdown.pdf,"2024 WeAllCount PDF, 2023-2024 Year Comparisons page: San Diego Region 2023 Sheltered Total 5093 (ES 3895+TH 1148+SH 50), 2023 Unsheltered 5171, 2023 Total 10264"
2024,san_diego_region,4495,6110,https://www.rtfhsd.org/wp-content/uploads/2024/09/2024-San-Diego-Regional-Breakdown.pdf,"2024 WeAllCount City Totals PDF, San Diego Region row: Emergency Shelter 3177 + Safe Haven 60 + Transitional Housing 1258 = 4495 sheltered, Unsheltered 6110*, Total: 10605 (*includes Caltrans count of 592)"
2025,san_diego_region,4191,5714,https://www.rtfhsd.org/wp-content/uploads/2025/07/2025-San-Diego-Region-Breakdown_SH-Update-HDX-Final.docx.pdf,"2025 WeAllCount City Totals PDF, San Diego Region row: Emergency Shelter 3055 + Safe Haven 89 + Transitional Housing 1047 = 4191 sheltered, Unsheltered 5714*, Total: 9905 (*includes Caltrans count of 411)"
